208,208,208,208,208,208,208,208,206,206,207,207,207,207,207,207,208,208,208,209,208,207,207,206,205,209,206,206,207,204,206,208,207,201,207,209,202,204,207,203,204,204,204,204,204,204,204,204,203,203,203,203,203,203,203,203,201,201,202,202,202,202,202,203,206,201,202,203,201,202,204,204,205,202,194,135,103,101,106,82,76,50,64,64,63,57,95,78,71,67,80,86,154,151,128,124,114,104,84,70,69,69,74,87,117,142,157,182,198,192,157,114,113,109,135,110,81,77,97,76,81,84,84,68,73,69,78,79,84,64,86,115,127,175,173,128,52,51,50,49,47,47,50,53,60,68,44,52,64,59,77,81,80,59,73,92,97,107,118,109,105,117,113,103,112,75,59,54,56,60,60,58,63,75,82,82,65,62,60,62,77,83,121,119,124,120,111,120,115,107,98,93,90,89,88,89,89,89,89,91
208,208,208,208,208,208,208,208,207,207,207,207,207,207,207,207,208,208,208,208,208,208,207,207,206,208,204,206,210,208,205,204,208,205,205,202,204,207,204,204,205,205,205,205,205,205,205,205,204,204,204,204,203,203,203,203,202,202,202,202,202,202,203,203,201,201,204,205,202,202,203,200,196,205,210,146,171,154,115,94,76,62,55,49,71,74,96,86,108,143,121,149,148,144,146,113,93,84,75,76,80,78,75,78,119,191,164,205,161,118,112,122,126,120,131,90,76,87,85,131,112,105,86,76,65,65,82,80,87,79,113,158,164,176,174,129,50,51,51,48,45,50,64,77,88,61,59,55,41,55,72,64,72,80,68,77,107,99,114,114,121,156,101,118,67,64,51,62,55,57,57,59,67,76,76,70,58,56,57,63,74,83,124,131,120,114,105,117,114,107,97,94,90,88,87,88,88,88,89,91
208,208,208,208,208,208,208,208,207,207,207,207,208,208,208,208,207,207,207,207,207,208,208,208,206,209,207,205,207,207,206,210,203,208,209,204,207,206,200,207,206,206,206,206,206,206,206,206,206,206,205,205,204,204,203,203,204,204,204,203,203,203,203,203,202,203,205,203,201,205,208,205,206,207,194,174,146,127,97,68,91,61,64,78,74,65,115,160,186,198,191,131,159,139,116,120,100,97,87,72,63,70,82,87,180,163,178,144,124,129,143,133,128,170,113,96,93,87,100,102,137,113,95,91,77,94,78,83,87,113,113,176,181,176,177,131,52,51,49,45,43,51,70,87,78,64,51,59,60,53,59,64,71,75,90,121,99,87,122,140,157,137,96,66,49,60,52,60,59,60,60,60,65,69,65,57,57,55,58,72,76,85,117,123,122,114,103,116,113,104,94,91,88,85,84,84,85,85,87,89
208,208,208,208,208,208,208,208,208,208,208,208,208,208,208,208,208,208,207,207,207,207,208,208,207,208,208,205,207,207,203,207,206,199,205,206,206,206,200,207,207,207,207,207,207,207,207,207,206,206,206,206,205,205,205,205,206,206,205,205,205,205,204,204,206,206,206,202,201,206,206,199,204,184,188,130,112,85,84,73,72,56,61,73,67,63,69,66,84,125,177,174,179,140,126,121,106,86,70,63,63,75,85,84,84,98,137,141,149,140,135,134,158,163,114,115,114,112,115,110,131,141,89,95,93,91,68,88,101,109,119,168,177,175,178,134,55,51,46,45,46,54,68,81,85,58,59,56,53,52,72,143,85,64,73,110,122,118,97,106,63,64,51,55,57,54,61,50,56,57,56,54,55,59,59,55,58,53,60,80,84,97,121,121,121,113,103,117,112,100,90,88,86,84,83,84,84,84,85,87
209,209,209,209,209,209,209,209,209,209,209,209,209,208,208,208,209,209,208,207,207,207,208,208,208,205,207,205,211,213,202,204,211,182,193,205,204,208,204,205,206,206,206,206,206,206,206,206,206,206,206,206,206,206,206,206,207,207,207,207,206,206,206,206,204,205,208,207,205,205,197,183,166,161,123,95,82,63,94,63,61,77,69,53,56,65,60,60,73,78,86,117,153,129,137,105,97,66,53,64,69,69,73,78,86,117,117,123,105,98,130,166,185,165,157,138,130,136,118,122,134,96,97,110,106,125,97,90,113,92,155,170,174,174,170,135,55,51,48,48,50,55,68,80,68,60,48,50,55,106,153,108,85,84,93,99,71,73,52,57,67,65,51,60,50,51,62,65,58,57,55,58,66,76,78,76,88,83,91,100,93,104,123,119,114,109,101,115,110,99,90,89,86,85,85,87,87,86,86,87
209,209,209,209,209,209,209,209,209,209,209,209,209,209,209,209,210,210,209,209,208,208,208,208,207,206,211,205,206,211,207,217,194,166,192,209,202,207,206,206,206,206,206,206,206,206,206,206,206,206,206,206,207,207,207,207,207,207,207,207,207,207,207,207,206,205,206,206,206,206,200,188,180,139,107,93,82,68,75,63,96,74,61,62,69,70,61,64,67,70,106,155,148,155,120,92,62,54,54,61,64,68,77,84,84,98,107,64,77,85,134,212,213,224,213,193,193,181,171,155,142,150,89,143,119,152,83,92,95,136,169,173,168,171,158,133,56,53,52,50,48,50,63,78,102,101,87,93,136,144,108,96,102,106,122,108,113,76,72,51,78,51,59,51,61,62,57,61,65,61,59,67,83,96,97,91,68,76,100,101,90,104,128,122,114,110,101,113,108,100,91,88,86,85,85,87,87,85,85,85
210,210,210,210,210,210,210,210,210,210,210,210,209,209,209,209,210,210,210,210,209,209,209,209,208,206,213,206,205,206,193,199,176,154,178,190,192,206,204,208,206,206,206,206,206,206,206,206,206,206,206,206,207,207,207,207,206,206,206,207,207,207,207,207,210,205,204,205,204,207,208,205,202,181,112,132,104,95,72,97,87,57,58,58,54,62,69,65,67,100,136,153,193,145,115,100,70,68,63,61,65,71,80,90,111,109,150,203,224,223,229,225,225,215,216,215,224,216,210,218,220,212,195,178,164,149,96,108,100,164,162,168,166,167,150,127,56,52,50,49,47,47,57,70,67,75,86,96,87,76,93,118,99,111,138,162,75,63,58,48,59,61,48,61,57,52,59,58,61,59,58,65,77,87,87,83,78,91,119,104,89,103,130,118,114,109,97,105,104,100,92,85,85,84,84,84,84,82,82,83
210,210,210,210,210,210,210,210,210,210,210,210,210,209,209,209,209,209,210,210,210,210,210,209,212,202,207,208,215,207,165,146,180,147,147,151,175,208,205,207,207,207,207,207,207,207,207,207,207,207,207,207,206,206,206,206,205,205,205,206,206,206,206,207,209,205,207,208,205,204,206,206,205,153,141,121,91,91,87,75,63,56,65,57,56,51,58,76,86,79,87,112,152,123,103,83,79,65,58,65,70,79,129,194,222,247,248,244,238,232,231,221,219,215,220,217,208,213,216,209,213,211,209,219,212,192,130,112,144,122,171,167,175,166,149,124,56,49,45,48,52,53,58,65,65,56,67,70,87,91,77,110,118,90,104,63,59,61,70,63,53,50,54,49,52,58,53,61,58,59,61,64,68,73,77,79,89,94,115,85,71,93,127,113,107,101,87,95,98,100,93,84,87,85,84,84,83,82,82,83
210,210,210,210,210,210,209,209,209,209,209,209,209,208,208,208,209,209,209,209,209,209,209,209,207,214,208,202,213,211,161,106,126,154,102,110,151,206,207,211,209,204,206,210,208,205,206,205,206,210,207,205,207,208,206,208,209,204,206,206,211,206,210,203,204,211,204,202,212,207,204,210,177,145,101,99,90,88,91,75,67,55,68,69,109,166,203,207,196,184,170,161,157,155,154,154,154,173,156,140,143,206,238,246,251,251,248,248,240,226,223,221,213,211,205,200,200,201,198,192,193,201,196,194,206,212,211,216,186,146,162,171,169,169,141,130,59,51,47,49,50,50,55,63,64,43,59,60,48,85,67,103,68,50,46,49,60,88,76,61,49,48,45,55,57,56,57,60,58,60,54,59,68,71,75,72,76,77,88,80,73,87,116,107,100,90,78,81,94,98,92,89,87,85,84,85,84,83,84,85
210,210,210,210,210,210,210,210,210,210,210,210,209,209,209,209,210,210,210,210,210,209,209,209,209,213,207,216,201,207,211,146,100,105,102,133,188,211,209,201,207,206,208,209,206,208,210,209,207,209,207,206,208,208,206,206,205,209,208,207,204,205,209,210,210,211,203,214,201,203,207,165,176,174,117,92,98,94,90,75,66,55,106,142,142,133,117,112,117,110,99,89,81,78,82,88,91,99,103,117,114,126,139,160,193,218,230,230,225,224,219,204,201,200,195,189,185,184,184,184,182,183,182,179,179,182,189,196,209,202,208,178,160,172,151,123,54,49,46,48,48,47,52,60,63,66,71,60,52,63,85,49,52,74,54,46,54,72,86,91,58,51,64,51,49,60,69,55,61,72,61,67,57,69,67,65,65,71,73,66,64,94,113,99,88,82,73,75,87,92,87,82,84,83,83,84,83,82,81,83
211,211,210,210,210,210,210,210,211,211,210,210,210,210,210,210,211,211,210,210,210,210,210,210,206,211,210,205,216,186,207,162,117,89,86,116,177,181,195,210,207,210,211,209,207,208,209,208,208,208,208,208,208,207,205,205,205,212,210,216,211,212,204,208,207,211,206,207,211,214,193,195,162,162,111,92,100,89,78,62,58,44,76,117,110,108,112,105,71,58,45,42,46,48,45,41,42,38,41,50,52,58,79,105,115,122,126,137,152,169,187,192,188,187,184,181,177,173,172,173,171,167,169,174,174,173,173,170,163,152,155,154,146,144,143,149,124,115,103,93,81,70,69,74,62,67,67,127,126,70,75,69,89,75,49,54,52,58,77,86,59,59,45,57,61,99,108,71,103,88,62,72,75,91,83,69,63,75,69,63,73,121,135,120,108,92,71,64,77,88,88,86,82,80,81,82,81,79,78,79
211,211,211,211,211,211,211,211,211,211,211,211,210,210,210,210,211,211,210,210,210,210,210,210,215,207,209,203,214,167,188,208,132,105,93,107,135,145,187,204,207,210,210,210,210,208,206,208,210,208,208,208,206,207,209,208,209,206,201,204,206,211,207,216,213,201,209,208,203,208,202,209,154,119,94,105,92,86,77,67,63,58,65,104,109,102,98,57,46,45,44,43,43,43,43,44,44,45,48,44,47,43,46,43,47,59,78,104,113,108,112,119,126,131,141,153,158,155,147,143,139,135,127,123,123,120,114,111,107,99,91,94,93,87,89,95,104,106,112,119,119,116,117,121,128,115,81,101,106,94,81,89,107,61,47,57,53,58,56,70,91,105,113,116,126,89,81,76,104,82,72,79,87,80,89,88,81,90,79,63,77,121,129,117,100,93,84,83,88,85,77,75,81,80,79,79,79,77,76,77
211,211,211,211,211,211,211,211,211,211,211,211,210,210,210,210,210,210,210,210,210,210,210,210,204,215,212,198,147,164,188,178,145,126,106,86,84,110,199,216,208,209,207,208,212,209,207,213,210,208,209,208,206,211,213,208,187,198,217,210,208,207,206,208,205,216,204,207,213,205,214,192,146,103,97,111,80,94,89,92,77,55,52,77,107,105,77,42,37,41,44,44,42,41,42,44,50,42,42,39,48,44,50,49,48,45,38,52,82,107,114,102,112,109,108,111,111,109,107,106,105,116,111,96,88,70,52,49,42,48,39,37,43,46,47,42,44,43,45,52,63,78,98,114,115,109,126,130,118,103,85,92,59,62,58,50,54,64,54,70,83,113,146,133,74,92,99,75,77,68,73,83,88,70,81,88,91,95,89,65,79,104,108,100,91,96,103,111,108,92,84,88,83,80,78,78,77,75,75,77
211,211,211,211,212,212,212,212,211,211,211,211,211,211,210,210,210,210,210,210,210,210,210,210,213,210,208,210,129,106,147,156,135,104,73,82,155,173,208,204,209,212,208,206,211,208,206,214,210,208,210,209,207,213,210,192,113,150,206,210,208,209,211,207,207,205,209,214,209,203,196,177,119,110,108,100,71,93,84,89,79,50,57,60,90,111,54,35,42,41,40,39,41,43,42,39,39,38,44,41,45,39,41,38,42,51,45,37,43,68,99,111,103,105,104,102,102,104,108,110,109,100,74,51,46,42,39,45,40,42,39,43,45,39,39,41,41,41,42,44,44,44,47,51,100,112,108,106,105,111,73,59,41,62,54,55,56,66,70,58,67,75,55,72,121,124,126,76,73,71,64,77,88,86,81,81,88,89,94,74,87,101,103,100,94,88,85,91,95,89,85,89,84,81,78,77,76,74,75,77
211,211,212,212,212,212,212,212,212,212,212,212,211,211,211,211,211,211,211,211,211,210,210,210,211,205,206,199,198,165,148,108,107,87,78,98,180,210,212,211,196,212,212,206,209,209,206,210,210,208,211,209,208,211,193,159,131,142,191,210,206,210,209,212,209,209,211,202,209,202,129,154,114,118,109,96,81,81,75,72,68,57,65,65,73,118,60,36,31,39,44,41,36,35,39,43,38,43,46,40,40,41,45,42,36,39,39,42,40,45,76,103,101,104,104,101,103,106,103,98,95,64,43,39,39,43,46,42,40,46,49,43,40,44,42,39,42,41,40,40,40,40,42,44,56,106,107,115,110,100,58,62,59,54,46,60,58,69,77,58,71,96,55,55,66,80,94,75,66,74,67,72,81,76,77,90,90,87,92,78,84,100,97,97,98,90,81,85,96,97,88,82,84,81,79,78,76,74,74,76
211,212,212,212,212,212,212,212,213,213,213,212,212,212,212,212,212,212,211,211,211,211,211,211,210,215,209,154,172,198,170,129,130,92,89,85,112,201,200,154,175,205,213,206,210,214,209,209,211,208,210,209,207,206,177,129,138,113,148,199,208,214,204,212,212,205,207,216,205,215,130,114,143,127,109,107,102,76,84,73,56,60,51,74,62,108,70,36,30,32,35,38,42,44,42,38,42,39,37,39,39,37,38,41,43,41,39,41,35,35,67,100,105,93,73,65,76,97,106,102,80,40,35,46,36,37,46,38,44,37,42,43,41,41,38,42,42,41,41,42,41,40,39,40,40,79,109,101,93,67,62,71,51,52,53,51,57,74,71,89,103,101,115,67,51,66,55,78,62,69,72,71,90,64,73,94,90,85,86,78,79,106,101,103,91,95,90,84,89,93,91,87,83,81,79,78,77,74,73,74
212,212,212,212,212,212,212,212,212,212,212,212,211,211,211,211,211,211,211,211,211,211,211,211,212,210,210,148,120,105,124,124,113,98,102,122,133,151,136,174,207,212,210,206,210,213,211,208,211,214,211,213,208,206,180,133,119,119,121,188,202,211,207,212,208,213,209,211,207,208,188,106,106,98,136,154,131,128,101,85,67,52,53,68,68,102,89,31,29,32,29,38,41,40,44,36,39,40,41,41,40,40,41,42,41,37,40,36,41,33,62,102,98,74,53,49,47,89,97,102,58,37,38,38,38,36,43,39,40,41,42,43,42,42,41,41,42,39,42,43,40,39,41,41,40,67,108,97,61,116,95,63,54,49,56,53,46,66,63,67,78,88,78,70,98,77,71,74,65,62,79,69,85,81,70,92,82,86,87,83,78,97,101,101,94,91,92,86,103,99,88,84,84,82,80,78,77,76,75,75
212,212,212,212,212,212,212,212,212,212,212,212,211,211,211,211,211,211,211,211,211,211,211,211,209,214,205,211,175,189,109,98,111,92,100,93,106,96,92,114,193,206,213,212,211,209,209,213,211,209,208,203,202,174,147,115,93,110,115,158,206,200,211,210,208,213,207,209,176,195,197,138,93,94,117,161,168,123,91,82,68,60,58,87,86,84,108,33,31,33,31,39,40,35,40,40,40,40,41,41,40,40,42,43,42,42,36,36,36,41,59,98,91,58,49,52,51,73,96,101,52,36,38,38,39,37,41,40,39,40,41,42,42,42,42,43,45,46,45,47,45,44,47,43,44,82,117,77,60,78,60,45,52,52,47,58,52,46,57,61,60,45,69,76,126,67,69,63,62,63,75,71,83,85,77,93,81,79,83,83,74,97,98,100,92,88,89,83,99,98,89,86,84,83,81,80,78,77,75,73
213,213,213,213,213,213,213,213,213,212,212,212,212,212,211,211,212,211,211,211,211,211,211,211,212,211,217,210,207,196,145,141,121,92,81,90,182,144,187,198,205,209,210,210,211,210,210,213,210,215,215,217,184,178,154,116,123,129,102,141,208,212,215,206,210,205,207,202,192,155,205,161,99,116,166,150,126,91,62,84,63,55,56,78,81,79,104,50,31,32,29,37,42,37,39,43,40,41,41,41,41,42,44,45,44,43,38,36,35,39,65,100,78,48,51,55,54,59,99,100,46,34,40,38,40,37,37,39,39,40,40,41,42,44,46,48,51,54,46,48,48,46,48,38,43,88,107,60,48,52,58,49,60,63,60,64,65,51,52,49,54,67,55,91,90,64,69,71,65,68,72,75,79,87,81,89,83,71,78,84,70,95,93,99,93,88,88,83,95,98,91,88,83,82,81,80,78,75,72,70
213,213,213,213,213,213,213,213,213,213,213,213,212,212,212,212,212,212,212,212,211,211,211,211,214,213,206,212,213,181,144,111,105,105,90,99,200,220,207,216,217,214,209,208,212,211,209,211,212,210,210,199,194,151,134,122,109,102,99,132,167,182,210,212,210,215,219,203,119,161,174,148,144,164,155,98,72,77,77,62,79,52,60,60,64,71,102,56,33,31,26,33,43,42,39,39,38,39,39,40,41,42,43,44,44,40,43,36,36,31,84,99,59,51,55,54,53,53,93,100,46,34,42,38,41,37,34,37,40,40,40,41,43,46,50,53,54,56,42,46,52,49,46,32,53,116,78,43,52,51,56,74,104,98,84,63,70,74,78,79,53,57,94,152,75,69,65,67,66,73,71,81,78,91,84,84,89,68,75,85,68,92,90,99,95,89,88,83,90,96,90,87,82,81,79,77,75,72,70,68
213,213,213,213,213,213,213,213,213,213,213,213,213,213,213,213,213,213,212,212,212,212,212,212,205,219,211,200,146,125,134,134,102,91,81,101,206,207,217,207,210,213,213,213,213,209,207,212,206,212,207,199,158,159,144,108,102,102,94,97,195,208,203,213,211,209,207,203,156,114,98,102,95,108,103,91,77,67,69,101,82,50,59,61,68,56,117,70,34,31,30,32,38,42,38,36,38,38,39,39,40,40,40,40,41,43,41,34,29,42,101,83,46,56,54,54,53,48,76,100,53,33,41,39,41,38,34,38,40,40,40,41,42,45,49,52,53,52,42,49,59,51,42,31,85,106,53,58,61,60,86,94,101,115,111,107,101,82,112,133,69,91,157,97,72,75,64,67,64,73,71,84,81,96,86,85,96,71,76,85,68,86,88,98,92,87,85,82,85,94,88,83,83,81,78,76,73,71,70,68
214,214,214,214,214,214,214,214,214,214,214,214,214,213,213,213,214,213,213,213,213,213,213,213,218,203,214,213,196,172,137,88,77,62,80,79,123,190,209,219,212,214,212,211,214,213,211,212,214,213,210,194,185,149,133,116,93,90,107,106,155,207,215,206,218,209,210,180,193,195,124,119,108,82,125,135,88,87,78,82,62,54,51,63,69,65,92,96,36,28,32,33,32,38,40,41,42,41,40,40,40,40,39,38,37,45,33,30,23,70,96,57,47,58,52,60,57,46,58,97,66,30,38,38,39,40,36,39,40,40,40,40,41,44,47,49,52,49,47,54,58,43,30,36,98,87,45,68,99,78,97,113,101,81,129,139,132,108,72,111,73,91,118,68,72,62,71,68,67,75,76,85,85,98,82,85,98,76,76,83,71,78,87,95,90,85,84,84,83,96,91,85,85,83,80,77,75,74,72,71
214,214,214,214,214,214,214,214,214,214,214,214,214,214,214,214,214,214,214,214,214,214,214,214,215,195,158,131,84,82,86,85,81,70,85,86,91,106,157,192,214,216,212,209,213,216,214,212,214,216,212,206,166,144,116,80,76,89,96,103,117,196,216,215,207,214,217,170,115,134,135,128,94,137,129,95,88,98,90,69,60,61,53,57,59,73,89,107,54,28,29,33,29,34,38,40,40,38,37,36,37,38,38,38,35,36,30,27,35,89,71,45,53,56,56,61,58,50,51,82,82,30,34,37,36,39,36,36,38,39,40,41,43,45,48,50,51,45,53,54,49,32,26,60,109,55,65,89,97,87,99,90,78,99,108,129,92,41,51,66,88,132,90,71,72,74,69,67,73,77,81,84,87,97,75,85,93,79,74,79,75,70,87,92,91,86,85,85,82,99,95,89,85,83,81,80,78,77,75,74
214,214,214,214,214,214,214,214,214,214,214,214,214,214,214,214,215,215,215,215,215,214,214,214,210,218,176,154,107,87,123,138,93,83,65,87,101,134,144,192,196,210,218,215,213,212,212,214,212,211,214,211,185,139,105,78,85,92,91,94,119,186,215,209,216,216,209,202,170,142,88,114,109,90,104,95,97,100,83,70,67,51,55,51,57,67,161,113,80,34,26,32,28,30,30,30,33,31,28,28,30,33,35,36,35,22,32,27,55,92,48,48,53,52,60,56,53,53,51,64,94,31,33,36,34,37,35,33,36,37,40,43,45,49,52,54,48,41,56,53,43,29,35,92,93,39,77,88,84,97,88,72,64,70,70,64,45,51,52,48,63,58,65,66,66,69,63,74,73,76,83,81,90,99,73,90,88,79,73,76,78,64,87,89,92,86,84,85,80,98,95,89,84,83,82,81,80,78,76,75
214,214,214,214,214,214,214,214,214,214,214,214,214,215,215,215,216,214,212,213,215,215,214,214,213,221,208,181,143,122,144,106,76,78,66,73,85,116,161,197,183,207,213,212,216,211,218,208,213,213,215,193,166,114,102,84,92,82,97,90,104,116,199,216,211,211,217,213,215,177,144,135,106,87,104,95,103,88,72,70,56,54,54,60,56,92,194,134,100,46,25,31,30,24,32,29,28,28,29,31,28,25,26,30,26,25,25,51,83,59,44,46,51,58,60,55,51,49,46,46,83,60,24,28,30,30,28,29,28,30,33,37,40,42,41,40,39,47,55,43,27,34,46,113,57,55,89,68,58,69,42,52,48,47,46,49,51,47,46,51,54,54,63,60,74,72,71,78,74,74,88,65,88,105,76,80,75,73,70,76,77,64,84,84,88,86,84,81,82,92,97,92,85,84,82,80,79,77,76,76
214,214,214,214,214,214,214,214,214,214,214,214,214,214,214,214,214,213,213,213,214,214,215,216,219,192,189,120,123,96,102,88,74,73,79,77,74,82,147,163,159,209,211,214,207,209,213,223,217,211,210,196,165,112,99,89,76,82,78,101,107,172,220,211,218,216,210,210,210,188,144,116,118,102,91,115,81,80,82,65,61,58,49,67,63,164,191,148,104,82,35,20,24,36,19,25,31,28,24,22,25,29,28,23,33,24,34,86,69,35,59,53,61,63,68,70,64,54,46,43,57,94,35,29,38,17,35,25,29,28,28,28,29,31,31,32,37,38,32,29,33,30,95,95,54,60,62,50,56,55,49,50,43,48,52,50,48,50,53,53,47,50,59,60,87,102,99,87,79,72,78,68,95,89,76,78,77,73,68,71,72,60,80,83,88,86,84,80,80,89,94,89,85,84,82,80,78,77,75,75
215,215,214,214,214,214,214,214,214,214,214,214,214,214,213,213,212,213,214,214,213,214,215,216,184,159,131,119,123,103,94,71,91,79,94,94,84,111,103,131,142,149,144,155,186,217,206,213,214,206,187,164,143,127,118,101,82,97,80,80,99,152,196,207,214,209,215,213,171,168,152,116,102,100,107,101,77,102,98,96,58,57,65,80,111,207,184,147,115,105,80,32,21,28,29,31,24,26,28,28,27,26,24,23,22,57,82,67,37,56,67,72,82,82,85,81,69,64,59,49,43,74,70,21,19,28,18,28,20,23,27,31,33,33,31,29,23,34,25,24,29,56,103,137,85,61,51,51,55,46,52,48,54,49,49,49,43,46,51,49,50,45,51,47,55,70,90,104,110,102,97,90,113,91,86,73,77,74,66,68,68,59,75,79,85,84,82,78,78,86,91,88,84,83,82,80,79,77,76,75
215,215,215,215,214,214,214,214,214,214,214,214,214,213,213,213,212,214,214,214,214,214,214,212,221,158,141,122,97,81,90,102,90,81,93,92,99,124,134,107,100,180,212,115,173,216,216,214,212,193,169,159,134,114,94,84,82,73,85,79,90,109,184,213,209,221,205,195,176,152,106,78,99,116,114,112,92,90,102,79,64,71,90,100,164,194,171,142,116,99,99,101,57,41,22,30,29,23,20,21,20,20,30,43,65,84,52,43,65,91,117,136,155,165,169,144,108,92,78,52,46,39,79,70,30,23,34,18,28,27,28,29,31,33,34,34,35,36,36,29,38,105,109,130,128,47,49,56,50,52,62,65,82,57,49,55,50,46,49,49,59,45,48,48,48,55,66,75,88,100,105,88,90,79,87,80,72,71,64,66,67,60,68,74,81,81,81,78,77,85,91,90,83,83,82,81,80,79,78,77
215,215,215,215,215,215,214,214,214,214,214,214,214,214,213,213,214,214,214,214,215,216,212,206,178,121,98,99,90,88,93,86,79,79,73,83,99,87,122,182,119,140,125,109,117,200,215,213,211,221,205,169,127,120,96,73,65,74,80,87,106,102,124,154,212,209,166,122,89,73,78,91,112,146,129,137,126,94,75,89,89,95,98,110,177,180,158,148,127,105,101,75,95,103,105,85,78,71,67,69,74,77,80,82,70,41,50,133,217,225,199,158,127,117,113,116,132,154,144,108,61,53,46,70,78,32,20,21,23,24,25,28,30,32,32,32,26,26,27,24,94,97,120,136,149,64,57,56,48,62,87,109,80,55,48,54,50,46,48,47,44,45,52,50,44,52,50,43,70,67,68,60,65,81,72,59,69,69,60,62,63,60,64,72,78,79,80,78,76,83,90,91,85,85,84,83,81,80,78,78
215,215,215,215,215,215,215,215,214,214,214,214,214,214,214,214,215,215,215,214,217,218,212,204,131,149,117,105,98,109,112,76,72,67,70,79,73,89,94,134,137,164,134,127,116,145,210,213,218,212,200,176,134,111,86,80,80,72,77,81,98,129,157,155,213,211,205,175,112,101,132,128,83,112,137,119,114,95,94,132,108,98,100,103,177,176,149,145,126,109,113,124,79,58,62,75,77,80,79,73,66,60,49,39,42,74,146,154,135,114,94,81,76,70,71,76,83,103,124,131,141,83,52,42,68,83,60,47,25,24,22,20,20,21,21,21,26,34,49,109,97,106,120,128,146,102,54,65,91,91,80,62,53,47,47,47,43,45,48,44,48,58,71,68,49,46,47,57,54,58,86,87,67,73,60,67,72,71,60,60,62,63,63,75,76,78,80,78,75,79,86,88,87,87,86,84,82,80,78,77
216,216,215,215,215,215,215,215,214,214,214,215,215,215,215,215,215,216,216,215,217,219,215,209,205,188,177,111,99,106,92,76,70,71,70,69,85,71,111,161,162,178,125,115,104,128,207,209,214,210,203,176,140,119,89,73,78,82,85,67,83,92,101,95,199,208,164,135,118,126,119,101,78,94,138,125,103,101,160,142,107,90,97,106,178,164,143,137,142,112,123,167,130,80,61,41,43,41,40,41,42,48,60,72,100,118,107,92,75,58,63,55,50,50,54,58,57,58,72,87,105,119,100,62,35,45,67,83,88,81,72,65,63,65,69,72,86,95,104,85,94,110,121,119,137,138,63,56,60,52,59,55,48,50,51,48,47,49,50,49,49,49,56,71,67,58,40,45,49,50,90,103,87,82,71,76,74,74,61,60,62,65,60,73,73,75,79,77,72,75,82,84,86,86,86,84,83,80,78,77
216,216,216,215,215,215,215,215,214,214,214,215,215,216,216,216,214,217,217,215,216,219,218,214,149,140,170,204,145,113,87,107,106,65,72,76,75,84,73,107,126,158,109,78,111,113,163,211,214,195,187,166,132,106,92,100,81,76,83,84,81,97,115,124,152,194,160,131,101,114,100,77,90,111,131,119,130,146,133,140,101,93,87,125,172,150,138,139,141,125,119,218,217,170,117,115,79,55,44,56,64,66,83,109,105,84,65,55,50,56,44,53,53,52,49,48,50,52,54,60,67,91,99,102,72,51,43,39,49,56,67,78,84,85,82,81,69,78,80,87,102,110,113,127,138,133,57,54,52,52,60,51,59,53,48,48,50,47,45,49,47,49,49,62,76,83,57,46,49,49,86,93,80,73,75,77,70,72,61,60,61,63,53,66,70,73,77,76,71,72,79,82,84,84,84,84,83,81,80,79
215,215,215,215,215,215,215,215,213,213,215,217,217,215,215,217,217,215,218,216,215,221,211,183,188,216,220,204,138,132,124,74,107,59,77,83,89,97,87,77,106,116,98,108,112,100,153,211,213,200,191,191,132,117,100,108,75,75,92,96,82,101,107,113,113,150,118,127,134,102,91,89,98,100,131,153,136,146,146,140,100,88,87,150,164,140,132,145,181,144,90,163,203,198,216,228,219,183,112,77,87,101,106,98,66,60,54,50,49,47,47,47,48,48,48,48,48,49,51,53,55,58,75,98,102,83,62,53,44,42,38,35,36,40,44,46,58,80,86,102,105,111,117,120,136,141,65,54,60,52,49,46,64,50,46,52,52,47,47,48,55,48,47,57,52,66,76,62,63,60,56,89,89,76,79,78,71,67,62,60,61,62,61,59,66,76,77,76,72,73,81,80,82,83,84,84,84,82,79,77
216,216,216,216,216,216,216,216,216,215,216,218,218,217,217,218,217,216,219,219,215,218,218,209,220,218,211,207,191,199,201,156,174,73,149,105,121,136,141,88,111,103,102,99,86,78,122,192,205,215,196,167,135,127,111,103,78,84,102,95,97,101,105,95,114,133,129,121,87,86,92,95,78,101,141,154,146,132,151,138,92,89,85,159,151,132,131,157,171,134,82,93,110,131,193,227,236,176,111,100,108,101,85,62,58,53,47,45,45,44,44,45,45,45,45,44,44,44,45,47,49,50,56,71,90,98,87,70,64,57,50,49,49,47,48,50,52,70,79,96,105,110,118,121,127,139,71,57,61,55,53,52,51,47,48,49,46,46,49,51,46,44,55,45,58,45,67,65,74,87,84,89,77,75,79,75,72,67,62,60,61,61,59,56,64,75,77,76,73,72,79,79,79,78,79,81,83,84,82,79
216,216,216,216,216,216,216,216,218,217,217,218,218,217,217,219,219,217,217,218,215,213,217,221,215,213,218,215,215,211,230,210,182,74,209,186,207,205,188,92,116,112,102,86,83,109,107,198,212,222,217,193,164,122,106,90,70,102,112,88,95,116,135,124,112,122,102,96,97,104,103,92,121,153,169,140,118,140,151,120,84,88,79,165,134,124,127,158,132,100,82,72,72,86,152,185,165,126,103,110,100,78,65,52,52,49,46,47,47,45,44,44,44,44,44,44,44,44,45,46,45,49,50,54,70,89,97,94,81,69,60,58,56,52,51,54,57,69,79,93,108,109,117,119,130,144,73,54,57,53,47,46,42,48,50,47,46,49,51,50,48,60,52,47,50,49,54,62,60,72,78,86,80,80,74,71,72,67,60,58,60,62,61,59,60,72,76,79,76,74,80,80,78,77,77,79,83,84,82,80
216,216,216,216,216,216,216,216,217,217,216,217,217,217,216,216,220,216,213,216,219,215,213,216,215,213,218,216,222,209,218,207,129,74,200,216,213,219,208,131,119,129,77,80,89,90,107,163,217,206,212,217,187,127,109,75,64,76,68,83,95,104,103,101,99,115,173,150,115,102,102,142,168,163,183,124,99,151,143,81,79,85,77,165,130,126,131,150,102,80,79,74,72,82,132,140,108,105,104,96,72,54,52,51,45,43,42,43,42,39,36,35,35,35,36,37,37,39,41,43,46,47,50,52,55,63,82,101,97,89,79,72,67,64,63,64,68,73,83,92,110,109,114,116,126,144,82,59,57,55,50,49,44,50,50,47,48,50,50,48,52,65,65,44,50,44,54,50,65,63,59,63,70,89,98,113,86,78,67,61,60,61,60,59,57,68,74,80,79,77,83,84,81,81,82,84,85,84,82,79
216,216,216,216,216,216,216,216,217,217,216,217,217,217,216,215,216,216,214,215,220,220,217,215,219,218,213,213,218,215,215,212,155,66,158,224,217,210,216,205,119,90,79,76,82,83,107,142,204,217,220,212,179,135,114,74,72,88,71,69,78,102,105,91,99,129,167,193,176,121,93,129,167,168,176,114,155,140,100,74,72,77,80,152,125,121,126,129,84,79,70,63,57,81,122,109,111,107,87,63,55,53,45,42,42,40,38,37,35,32,29,29,29,29,30,30,31,33,36,38,43,39,41,48,51,52,65,82,99,102,98,88,80,77,73,67,70,72,82,88,108,110,113,114,118,139,89,65,53,50,47,48,51,54,51,46,46,45,49,58,54,68,78,72,50,44,52,49,46,60,63,58,53,59,50,51,72,66,59,56,56,58,59,59,55,64,70,77,79,77,83,85,81,83,85,86,86,84,81,80
216,216,216,216,216,216,216,216,217,217,216,216,217,218,217,215,214,217,218,215,214,217,218,216,211,219,216,215,210,214,214,221,166,74,187,215,213,218,213,177,111,100,70,74,73,90,94,106,167,210,210,195,180,144,108,87,68,71,83,87,89,86,101,100,105,101,165,211,154,131,120,168,177,165,167,144,147,117,114,95,83,83,92,141,120,110,112,110,72,71,59,59,44,59,88,88,90,81,61,44,49,51,40,43,38,34,31,29,27,26,27,29,28,28,28,27,27,28,30,31,34,36,40,44,47,50,56,62,80,94,102,98,92,88,79,68,71,73,80,85,101,110,109,111,123,131,82,63,54,59,58,52,58,61,55,48,45,42,51,72,76,83,88,115,70,68,60,56,49,58,54,59,62,63,54,58,52,52,52,53,56,58,58,58,57,61,63,72,75,74,80,83,77,77,78,79,80,80,79,79
216,216,216,216,216,216,216,216,217,217,214,213,214,217,217,216,217,216,219,217,210,213,217,214,217,218,215,217,217,221,214,216,154,75,206,219,214,217,209,185,102,99,79,74,91,127,89,124,206,221,213,207,203,150,107,115,91,75,89,90,87,93,103,89,90,101,132,205,206,181,163,173,168,169,155,150,115,112,125,127,110,96,102,135,120,109,105,105,73,61,53,54,43,43,54,76,64,55,53,46,42,37,29,36,25,24,23,25,25,26,28,31,30,30,29,28,26,24,24,24,26,33,38,39,40,44,49,52,61,78,94,98,97,91,79,67,70,73,78,81,94,111,107,109,122,124,88,81,73,84,83,71,64,66,57,49,49,45,50,68,88,86,104,114,100,85,86,65,57,57,37,47,55,53,52,59,62,63,63,62,60,57,56,55,59,59,58,67,72,72,79,82,81,76,72,71,75,78,80,79
215,215,215,215,215,215,215,215,217,215,212,209,211,215,217,215,219,211,216,220,215,217,220,214,216,215,217,217,216,216,214,219,157,76,157,163,150,149,114,88,100,79,78,78,107,86,87,122,198,196,207,205,183,129,135,193,99,72,101,136,112,100,90,88,90,92,112,161,208,189,173,164,163,162,169,158,116,112,113,120,118,90,90,119,112,106,96,100,64,54,59,52,53,53,38,53,60,41,43,40,31,29,21,18,23,25,30,36,39,39,40,41,41,41,41,40,37,34,32,31,24,22,24,30,37,41,44,47,49,62,78,87,87,79,65,53,63,68,72,77,88,112,106,109,112,128,114,112,85,80,74,60,66,66,54,47,53,49,43,50,65,84,99,105,89,95,96,79,63,80,56,49,48,52,60,61,58,59,59,58,55,55,57,59,60,58,55,64,71,72,81,84,93,83,73,70,75,81,83,82
218,214,215,216,214,215,217,216,216,216,205,108,196,212,220,216,216,216,216,216,216,216,216,216,217,212,217,218,221,214,206,138,96,96,109,110,97,84,75,77,77,74,72,115,104,109,128,113,114,115,112,109,84,74,73,80,71,74,74,72,73,71,69,71,71,76,93,100,121,174,168,165,164,160,188,136,105,115,108,124,121,111,99,104,109,98,93,93,63,57,53,51,52,57,57,49,46,39,30,25,23,23,24,25,31,35,39,43,45,45,45,45,45,44,43,42,41,40,38,36,32,28,23,21,22,29,37,43,45,50,58,65,66,60,50,43,51,59,61,69,83,108,104,102,113,128,111,83,81,56,49,63,75,58,68,54,50,47,46,53,48,72,92,77,92,103,111,92,67,94,86,67,54,56,49,57,59,59,58,57,55,55,56,57,55,57,55,57,65,72,81,91,82,81,76,71,72,78,84,86
217,214,215,217,215,216,218,216,220,208,137,113,140,219,218,214,217,217,217,216,216,216,216,216,213,224,217,212,221,172,118,98,103,101,106,102,93,81,71,76,76,73,120,136,119,128,121,126,108,109,104,80,67,70,71,66,70,71,68,66,67,67,66,68,64,69,75,94,175,170,163,164,150,157,172,115,110,109,114,121,123,124,107,111,102,93,88,91,70,57,51,51,52,55,58,57,52,44,34,30,31,35,41,46,47,48,49,50,50,51,52,53,53,53,52,52,51,49,47,46,42,38,32,26,22,22,24,26,41,44,48,50,50,49,48,48,53,55,58,64,81,102,99,99,110,122,69,66,66,59,55,73,79,85,98,64,49,57,55,42,49,57,71,70,97,107,110,89,72,85,79,70,66,65,59,61,59,59,58,57,56,55,56,56,55,59,59,57,61,67,77,87,88,84,79,77,82,86,83,78
216,215,217,218,215,216,218,215,208,168,133,119,136,152,211,220,217,217,217,216,216,216,216,216,217,217,221,214,159,140,125,134,125,120,115,106,102,93,85,95,75,75,120,132,118,111,101,101,107,97,99,80,81,79,74,70,70,71,68,66,69,69,68,70,68,66,77,135,169,170,164,157,149,154,119,95,109,111,114,123,124,134,110,118,101,91,84,85,77,59,49,51,51,50,56,62,66,61,56,54,53,52,52,53,53,55,57,58,58,56,56,55,55,55,55,55,55,53,51,49,47,45,41,36,31,28,25,24,28,35,43,48,48,48,50,52,55,51,55,60,81,94,94,96,107,113,48,64,68,62,64,78,77,64,80,75,60,50,50,55,52,47,56,70,103,109,105,87,73,72,73,70,71,63,60,60,58,58,58,57,56,55,55,55,54,61,61,57,57,62,72,85,82,84,83,81,79,78,75,73
218,218,219,218,215,217,217,212,216,166,125,128,94,136,211,217,217,217,216,216,216,217,217,217,217,215,208,161,158,137,143,136,141,135,124,115,117,113,107,121,120,111,145,123,89,90,84,114,120,107,109,98,97,87,70,68,65,66,65,67,70,69,66,68,68,81,82,177,165,154,163,159,144,141,123,104,55,62,125,117,122,131,108,119,109,92,80,77,81,63,52,51,48,46,51,56,60,60,63,69,71,70,69,68,67,69,70,70,69,67,65,64,62,62,61,61,61,61,60,59,58,57,54,50,46,40,35,32,30,39,49,56,56,54,54,54,55,49,56,61,83,88,89,93,110,91,45,53,66,58,83,93,53,43,54,55,50,56,59,55,53,50,55,51,56,53,65,71,64,60,69,67,65,55,60,58,57,57,58,57,56,55,55,55,53,58,60,59,57,56,68,85,87,90,91,88,82,78,78,80
219,219,219,217,215,218,217,209,173,135,94,95,108,127,177,214,216,216,216,217,217,218,218,218,213,223,176,157,158,149,129,125,127,124,118,114,121,119,114,128,134,136,126,114,93,105,102,101,125,128,124,111,103,104,85,83,74,74,73,74,77,75,73,76,85,97,170,164,165,157,152,104,144,98,76,77,71,30,96,108,119,125,109,115,116,89,77,75,78,67,58,53,48,47,49,49,53,52,54,59,64,68,72,76,81,81,80,78,75,74,73,74,70,69,69,69,70,71,71,71,68,67,66,64,62,59,56,53,52,55,57,57,55,53,52,52,53,47,58,65,84,84,85,92,109,58,43,56,81,75,76,53,50,47,48,41,39,58,62,50,54,50,50,46,50,49,53,54,57,55,66,63,60,55,64,60,56,57,57,57,56,55,54,55,54,55,58,62,59,53,62,82,92,89,88,88,88,87,83,81
218,218,218,216,216,220,216,204,195,125,106,124,100,114,177,220,216,216,217,218,218,218,218,218,220,167,125,145,153,141,138,111,105,104,107,109,116,115,111,122,121,131,151,115,92,129,96,104,113,130,128,128,119,115,104,108,91,90,86,85,87,84,85,91,93,136,171,162,157,118,37,62,48,38,44,45,46,51,111,115,115,122,115,113,116,90,74,77,73,69,63,56,51,52,52,47,53,51,49,50,51,53,57,61,70,73,78,81,82,80,79,78,76,76,75,76,78,79,80,80,79,77,74,72,71,69,67,65,59,59,57,54,52,49,47,46,50,49,60,69,80,80,80,92,100,52,55,62,66,73,71,60,57,48,42,47,42,44,49,59,55,50,48,55,72,81,76,64,60,57,62,61,59,60,63,56,56,56,57,56,55,54,54,55,55,54,56,62,61,53,57,74,79,80,83,85,84,82,80,81
217,217,218,216,217,220,211,194,144,133,123,106,95,107,164,197,216,217,218,219,219,218,217,216,191,147,119,162,145,135,123,128,100,97,104,107,109,111,111,121,139,147,130,103,91,103,90,82,100,129,134,138,132,113,109,110,94,93,90,89,88,86,88,97,117,170,168,159,137,49,46,33,20,39,33,35,31,45,54,96,107,119,118,115,118,106,75,76,70,67,65,60,54,54,54,49,47,46,46,47,48,48,50,52,54,59,67,74,79,80,81,81,84,83,83,83,83,82,81,79,83,79,72,66,62,58,55,52,51,52,52,52,50,48,47,46,50,54,63,71,73,76,78,94,100,53,51,65,85,100,75,50,46,53,44,44,41,45,46,54,51,53,51,48,49,57,65,70,62,60,59,63,59,61,58,54,56,56,56,55,54,54,54,55,53,54,55,59,61,56,56,63,70,76,84,86,82,78,82,88
218,218,218,216,217,218,206,186,162,204,170,114,102,90,145,216,217,218,219,219,219,218,216,215,174,121,120,144,142,129,122,112,106,100,104,105,103,107,114,125,133,144,125,117,105,82,86,86,87,136,145,136,137,126,134,119,93,94,93,94,93,90,92,101,157,172,161,151,74,36,34,25,30,24,31,29,25,40,40,80,100,116,116,117,123,127,79,73,70,65,64,61,55,54,54,51,53,50,46,45,43,42,44,47,47,47,48,51,56,64,71,77,81,80,80,78,76,73,69,66,59,56,51,49,49,50,50,49,49,49,49,47,46,46,49,51,53,59,65,73,69,75,78,98,111,84,82,70,77,73,59,51,47,56,44,46,46,46,39,46,45,46,46,49,51,54,51,48,58,59,59,67,60,61,57,60,56,56,56,54,54,54,54,55,50,54,55,55,60,60,57,57,71,71,74,78,80,81,83,86
216,217,221,218,219,214,213,193,187,170,155,156,98,109,119,201,216,218,222,218,219,216,216,180,157,115,130,140,140,124,114,124,105,96,103,103,100,103,104,116,132,135,134,124,88,77,80,92,93,118,138,135,121,112,109,107,86,91,101,88,89,92,89,125,169,165,156,132,39,33,30,28,22,23,24,25,27,36,31,49,104,120,119,114,125,125,98,69,69,62,58,55,57,57,51,54,52,52,50,48,46,44,40,38,41,42,44,47,48,50,50,50,55,55,55,55,54,52,50,49,48,48,48,46,45,44,44,45,46,48,49,49,48,49,51,53,57,64,69,60,67,75,78,103,79,60,74,60,50,54,54,48,52,50,48,46,45,45,45,44,47,44,47,51,49,48,50,50,52,55,59,60,60,58,58,58,57,57,57,56,55,53,53,53,53,52,52,55,58,60,59,58,74,80,80,78,83,88,86,84
224,220,222,218,216,219,216,178,165,148,108,107,102,97,116,137,207,223,215,220,217,216,197,170,134,113,132,135,136,131,123,124,105,97,98,94,93,97,99,111,138,138,122,89,73,80,85,76,83,112,129,119,106,105,103,96,80,88,93,94,86,89,109,155,170,155,149,118,32,30,37,17,28,28,29,22,32,45,32,60,112,122,118,114,125,127,106,83,68,62,62,58,56,57,52,52,52,52,51,51,50,48,46,44,43,42,40,38,38,39,41,42,45,45,45,45,45,44,43,42,41,42,42,42,43,43,44,45,47,48,50,51,50,51,54,56,58,57,61,72,66,72,91,76,62,63,61,68,72,54,41,60,49,47,46,44,45,46,47,48,45,42,46,49,48,48,51,52,50,52,56,60,62,62,61,59,62,59,56,54,54,54,55,55,53,52,52,54,56,58,58,57,69,77,80,79,83,87,87,89
222,212,217,217,218,225,216,161,145,141,103,88,93,82,122,145,185,206,222,216,216,215,168,161,121,118,135,133,132,131,125,123,102,98,96,93,95,98,101,114,136,118,95,70,74,74,81,80,81,105,119,110,101,102,100,92,79,81,88,88,92,88,130,164,160,145,141,122,31,18,37,50,27,19,29,36,28,32,80,68,120,124,118,115,125,128,115,104,70,59,61,58,54,57,55,52,51,51,50,50,50,49,48,47,47,45,41,38,36,36,37,38,37,37,38,38,39,39,39,39,40,41,42,44,45,46,48,49,49,50,52,53,53,54,56,58,58,67,60,63,69,72,77,65,61,62,83,98,53,46,56,41,45,45,44,43,44,46,48,49,46,43,45,48,46,47,50,50,48,47,47,51,59,66,71,74,67,62,55,51,51,52,53,52,54,53,52,53,56,57,58,57,66,76,81,80,82,83,85,89
217,218,226,222,215,215,219,192,118,115,98,89,89,86,99,149,214,227,221,224,220,173,155,140,114,122,135,133,129,123,120,122,101,98,95,93,92,88,91,104,124,122,101,71,73,79,79,71,79,91,102,103,98,94,90,87,76,81,85,84,89,109,147,162,144,153,144,137,42,32,30,40,27,35,16,18,43,34,109,82,125,125,117,115,124,125,120,121,90,65,59,59,55,57,57,54,51,51,50,50,49,48,47,46,48,47,46,45,44,42,41,40,39,39,39,40,40,41,42,43,45,46,47,48,48,50,51,52,51,52,53,53,53,54,55,56,63,53,58,59,68,79,67,60,74,98,92,72,54,45,37,43,43,43,44,44,44,45,46,47,52,47,45,46,45,47,47,44,50,47,43,42,46,51,57,60,63,58,53,49,49,50,51,51,55,54,53,54,56,58,59,59,65,74,79,79,79,78,78,83
223,218,215,218,220,190,154,118,120,118,105,87,75,79,90,161,219,211,217,214,195,156,148,145,96,121,130,129,124,119,115,115,98,94,90,93,91,88,97,111,97,102,88,77,75,82,80,82,78,84,92,95,94,91,86,83,69,84,84,88,88,144,156,152,144,153,141,146,70,48,34,45,30,26,46,39,38,59,103,80,126,124,118,117,123,121,121,130,122,81,63,62,59,57,55,54,53,52,51,50,50,49,47,46,46,46,47,47,47,45,43,42,44,43,43,43,44,45,46,47,47,47,48,48,48,49,50,51,51,52,52,52,53,53,54,55,53,56,61,64,74,64,64,113,110,75,70,55,43,42,45,47,43,44,46,47,47,46,46,46,55,48,45,45,46,49,48,42,44,45,46,47,47,48,50,51,53,52,52,51,51,52,53,54,53,53,53,54,56,58,59,60,64,70,73,76,78,76,75,79
216,221,219,213,206,169,143,128,117,114,90,77,88,84,84,110,166,220,219,215,165,144,163,121,81,125,130,125,120,117,112,103,101,94,87,87,83,87,103,107,116,101,82,84,74,69,63,75,75,87,94,90,89,91,87,79,71,76,88,87,117,155,150,114,58,127,198,229,210,229,198,100,54,55,45,60,38,71,103,76,126,124,119,120,125,121,121,133,134,91,68,65,65,61,55,57,53,52,51,51,50,49,48,47,47,46,46,45,45,44,44,44,44,44,44,44,44,45,46,46,46,47,47,48,48,48,50,51,50,50,51,51,53,54,55,56,57,58,61,73,85,114,123,78,93,52,53,45,45,43,42,50,44,46,49,50,50,49,49,50,53,48,46,47,47,51,52,46,41,43,45,47,49,52,57,60,52,53,54,54,53,52,52,53,51,51,52,53,54,56,57,58,63,67,71,76,82,81,80,85
219,223,222,218,218,192,160,123,110,117,91,72,77,75,96,120,125,189,206,172,128,145,148,99,82,129,126,122,117,110,103,96,91,89,86,90,96,122,148,139,118,108,92,78,72,80,80,73,67,84,96,94,88,85,79,72,75,72,86,96,141,146,147,110,102,174,164,136,152,168,181,197,141,65,53,47,34,112,101,87,130,126,120,123,130,126,123,133,127,98,79,73,73,69,60,62,56,55,53,52,52,51,50,49,49,48,47,46,45,45,45,45,44,44,44,44,44,45,45,46,47,47,48,48,49,49,51,52,51,51,51,52,53,55,55,56,55,54,64,103,118,100,83,61,56,48,51,45,45,46,41,45,46,48,50,51,50,50,51,52,52,51,52,50,48,50,53,50,48,45,42,39,40,44,50,54,56,56,55,55,54,53,52,51,50,51,52,53,54,55,56,57,62,66,70,77,83,82,82,89
219,220,222,219,223,214,183,126,104,105,83,74,79,90,102,134,190,205,187,145,129,135,139,92,86,126,116,119,114,99,95,98,92,91,86,83,86,118,141,115,117,96,87,76,74,67,73,69,68,84,104,112,101,85,76,75,71,81,76,122,132,142,154,158,125,92,47,58,61,81,118,143,149,133,60,56,92,102,94,95,133,128,121,125,134,131,126,132,123,107,93,83,81,76,65,65,62,60,58,56,55,54,53,52,48,48,49,48,47,46,45,44,45,45,45,45,46,46,46,47,47,48,49,49,49,49,50,51,53,53,52,53,54,55,55,55,54,69,87,80,70,58,44,56,49,45,42,50,40,47,50,42,48,49,50,50,48,48,50,52,53,55,57,54,47,47,51,50,48,46,43,43,46,50,52,53,55,53,52,53,55,56,55,54,51,52,53,54,54,55,56,56,60,63,67,74,79,77,78,86
223,215,226,222,218,217,158,136,90,107,88,76,78,70,85,133,186,195,179,135,121,140,130,86,89,121,116,111,109,93,92,92,88,87,85,82,79,84,100,115,106,106,78,71,62,64,68,67,67,90,95,102,117,100,74,75,74,66,94,126,109,111,154,117,53,32,47,43,40,47,73,97,123,126,103,72,115,128,125,113,135,119,127,140,134,127,123,146,126,111,100,97,90,82,78,76,67,65,62,60,59,58,55,54,53,52,51,49,48,48,48,48,49,49,49,50,50,50,50,50,50,51,51,51,51,52,53,54,53,54,55,56,56,56,57,58,61,65,59,54,46,52,47,54,49,46,53,44,40,43,53,43,49,57,56,49,50,53,50,47,53,54,57,59,55,48,47,50,56,56,50,48,51,47,46,55,52,53,53,53,54,55,54,52,54,50,49,53,55,53,52,53,60,63,63,70,81,80,78,86
223,225,221,212,213,197,169,116,92,109,100,84,70,81,79,108,179,163,168,132,119,130,124,89,90,118,112,106,102,88,90,93,86,83,84,86,83,84,103,127,115,104,74,66,61,60,72,79,82,81,80,78,76,74,73,72,65,79,105,81,130,82,120,56,44,131,203,199,141,45,47,83,94,113,98,136,82,98,46,33,93,120,124,127,125,133,152,200,150,108,106,105,97,90,87,85,79,77,74,72,70,69,66,64,60,59,57,55,53,53,53,53,52,52,52,52,52,52,52,52,53,54,55,55,55,55,56,57,57,58,59,60,61,63,65,67,79,58,65,66,66,50,57,48,48,44,50,45,66,46,45,48,57,61,55,46,46,50,52,54,53,53,56,59,59,56,52,51,50,52,52,54,56,53,50,52,52,53,53,52,53,54,54,51,53,51,50,52,54,54,53,53,58,62,62,68,78,80,78,82
219,224,218,223,217,196,197,152,122,115,119,93,95,113,97,101,155,167,163,122,98,142,113,81,93,114,105,98,94,84,87,92,91,84,80,81,82,87,103,119,121,98,72,75,80,67,70,67,64,66,78,87,82,74,72,69,88,166,147,84,205,93,79,43,135,174,162,168,131,109,46,65,83,73,80,79,57,53,68,70,47,113,138,129,133,185,210,211,181,114,110,112,104,100,97,95,89,87,84,82,80,78,76,74,71,69,66,63,61,60,60,60,58,57,57,56,57,57,58,59,59,60,61,62,62,62,62,63,63,64,65,66,68,72,76,79,88,74,65,79,71,55,52,44,52,46,46,50,68,52,44,47,53,55,51,46,47,48,50,54,60,60,60,62,65,64,58,50,48,49,53,57,57,59,57,52,53,53,53,52,52,54,53,51,51,52,51,50,52,54,55,54,56,61,62,65,74,79,78,79
220,223,217,218,185,174,172,145,147,124,148,93,119,124,130,145,152,160,160,121,128,119,87,80,96,107,98,92,90,83,86,91,78,87,90,84,86,103,125,138,124,97,73,74,79,63,71,69,68,77,81,85,87,77,75,90,130,104,90,67,56,88,80,70,184,171,248,244,191,145,30,55,66,80,71,70,57,62,55,66,70,89,131,167,213,221,202,215,201,136,111,115,107,106,101,100,95,93,90,88,86,84,82,80,80,78,75,71,69,67,67,67,65,65,64,63,64,65,67,68,67,69,70,71,71,70,70,70,73,74,75,77,79,83,87,89,97,98,60,65,66,55,46,51,47,44,53,78,58,52,46,52,59,58,52,50,52,52,52,56,64,64,62,61,65,69,63,54,52,49,52,53,52,58,61,54,52,53,53,52,52,53,53,52,51,53,53,50,50,54,55,53,56,60,61,62,69,77,80,78
224,222,192,171,148,168,185,160,157,123,142,91,155,158,151,149,151,156,150,141,138,105,73,81,97,99,91,88,90,85,86,90,89,82,73,76,98,123,130,124,108,102,100,101,92,69,81,81,81,72,74,98,122,118,93,75,71,67,63,72,73,63,75,112,164,242,250,246,227,158,40,52,52,67,61,48,64,62,60,68,69,83,200,213,207,210,214,213,207,169,116,116,109,109,104,102,102,99,96,94,93,92,89,87,88,86,83,79,77,75,74,74,72,71,71,70,71,73,75,77,76,77,78,79,79,78,78,78,84,85,87,89,91,94,96,98,106,104,92,100,108,60,50,56,51,49,56,77,50,49,59,85,66,59,48,43,47,48,49,53,53,55,53,51,56,64,66,61,56,51,50,48,46,54,59,54,52,53,54,52,52,53,54,52,51,54,55,52,51,53,54,52,55,59,61,60,64,75,82,80
199,183,137,118,125,130,154,126,125,114,123,87,135,150,140,138,145,161,145,143,96,114,94,83,95,91,86,87,90,86,85,88,83,82,83,83,82,85,96,108,128,120,110,104,84,68,87,93,81,91,92,73,86,139,128,48,53,56,68,72,87,64,74,103,171,245,252,253,232,150,42,49,55,56,52,52,55,58,59,66,65,78,212,210,212,210,207,210,204,193,133,119,113,111,107,105,106,104,102,100,100,98,97,95,94,93,90,87,85,83,82,82,80,79,78,78,79,81,83,84,84,85,86,86,86,86,86,86,90,92,95,97,99,100,102,103,100,119,118,92,60,49,63,55,54,60,53,49,61,70,75,85,52,48,41,39,44,46,45,46,44,46,44,40,44,52,57,56,55,52,49,47,46,49,52,50,50,52,53,53,52,53,53,52,51,54,57,56,53,52,52,52,54,56,60,59,59,70,80,80
164,152,136,141,157,135,121,108,130,118,108,100,129,154,152,147,148,139,147,116,88,91,102,92,92,86,85,87,88,84,82,87,83,80,81,84,81,79,85,95,75,73,76,95,87,82,97,100,84,79,92,88,68,80,87,57,54,69,72,155,210,79,54,79,124,242,241,245,174,103,40,60,55,49,51,54,54,55,61,62,59,54,198,209,200,201,210,202,198,198,157,123,119,113,113,110,109,107,105,104,104,104,102,101,99,98,97,95,94,92,91,90,89,89,88,88,88,89,91,92,93,93,94,94,94,94,94,95,95,97,100,102,104,106,107,108,115,110,114,126,81,58,59,78,52,60,62,65,88,86,65,46,43,46,46,46,51,52,49,49,46,46,43,39,39,43,46,47,52,52,48,47,48,46,45,48,47,50,52,52,52,53,53,52,50,53,57,59,57,52,51,53,52,53,59,60,56,64,76,78
150,148,155,149,147,139,95,112,98,102,117,139,144,144,146,141,133,126,144,101,86,83,85,87,89,82,85,87,86,81,80,87,81,82,82,80,80,82,84,83,68,68,72,95,76,64,73,78,77,71,76,83,85,87,77,57,70,116,80,143,113,62,45,114,156,202,191,178,141,45,39,45,41,45,43,45,53,60,57,57,61,51,173,197,200,196,198,197,194,193,174,127,123,114,118,114,111,109,108,107,108,107,106,105,102,102,102,101,99,98,97,96,97,96,95,95,95,95,96,97,99,100,100,100,99,100,100,101,100,102,105,107,110,112,114,116,116,115,124,123,128,111,90,78,75,60,69,102,90,67,46,42,45,50,48,45,46,48,48,50,50,49,46,43,42,43,44,45,51,51,47,46,48,44,41,49,45,48,51,52,52,52,52,51,49,52,57,62,59,53,51,54,50,51,59,60,54,60,72,75
148,159,150,150,132,131,105,93,114,129,144,150,148,145,138,132,118,116,105,91,90,78,83,81,82,82,82,86,82,79,86,85,82,81,80,80,80,81,82,83,66,69,69,83,73,68,90,77,78,64,82,94,94,105,87,43,93,192,105,52,61,49,85,140,108,52,133,140,213,175,204,200,110,63,46,46,50,65,68,65,98,46,125,194,191,191,190,190,188,178,168,147,119,114,121,115,116,115,113,112,113,113,111,110,110,109,107,105,104,103,103,102,101,101,101,101,102,102,102,103,103,104,104,105,105,105,105,104,106,107,108,110,112,115,119,121,121,117,124,127,125,134,116,69,59,77,97,73,46,54,46,43,48,44,61,51,49,52,44,55,51,51,50,48,46,44,43,42,44,49,49,47,46,42,39,41,45,45,45,48,51,53,52,51,49,53,56,58,57,56,54,53,50,52,52,55,58,58,64,75
141,135,115,108,99,91,99,132,143,151,156,150,141,132,125,119,112,109,96,88,88,80,82,80,81,81,81,85,81,78,85,84,78,80,81,81,80,79,81,82,67,72,73,90,83,77,90,70,71,80,71,90,88,104,100,95,52,45,48,53,39,46,94,107,78,51,75,109,175,112,126,154,112,58,31,30,65,86,65,65,118,49,125,187,190,184,179,180,173,168,166,152,127,120,123,119,119,118,117,117,117,117,117,116,115,114,112,111,109,109,109,109,107,107,107,107,107,107,107,108,108,108,108,109,109,109,109,109,111,112,113,114,115,118,121,123,125,115,121,129,129,136,140,129,91,80,54,52,46,41,47,54,51,51,73,43,55,50,56,50,54,53,52,51,49,47,46,44,46,47,46,47,48,44,39,41,40,42,44,45,46,48,50,52,49,52,58,62,63,61,56,52,51,52,51,53,56,57,63,74
114,108,101,97,109,116,129,137,141,146,147,141,132,126,121,118,110,107,90,87,86,83,79,76,79,80,79,83,79,77,84,82,78,77,76,77,79,81,80,78,73,83,86,93,79,74,92,81,66,64,74,75,80,91,95,190,84,67,64,56,37,44,103,82,50,72,41,97,100,68,107,140,111,60,27,26,89,82,54,54,69,84,129,178,175,187,177,166,164,160,163,155,133,121,121,119,119,118,118,118,119,119,119,119,118,117,115,114,113,113,113,114,114,113,113,113,113,113,113,113,113,113,114,114,114,115,115,115,117,117,117,118,119,121,123,126,130,122,125,131,128,126,134,140,147,83,57,55,40,52,52,60,48,60,60,52,46,55,55,52,57,55,53,52,52,52,51,49,50,46,43,47,51,46,40,42,42,45,47,45,42,41,44,48,48,50,56,62,66,64,57,52,51,52,50,50,53,55,61,72
142,121,123,130,126,120,124,119,141,144,144,138,129,122,115,111,106,104,86,87,83,83,77,75,76,78,78,81,77,76,83,80,79,78,76,75,76,79,83,86,104,97,83,81,74,71,76,56,58,60,63,76,56,76,99,129,65,77,131,117,64,102,67,45,87,118,59,64,56,59,91,132,107,62,30,24,87,46,40,44,50,57,147,175,171,171,170,169,161,156,156,153,136,123,120,119,118,118,118,118,118,119,119,119,119,118,117,115,115,116,117,117,117,117,117,116,116,116,116,116,117,117,117,117,118,118,119,119,120,120,119,119,120,122,124,126,127,128,129,130,134,136,135,135,138,149,71,51,47,42,67,49,51,56,61,68,70,56,61,59,60,57,53,52,53,54,54,54,54,48,45,50,54,47,41,45,45,48,50,47,43,41,42,45,48,47,51,58,64,63,58,54,51,52,50,49,52,54,59,68
134,141,141,135,117,114,122,135,141,142,139,131,121,111,103,98,97,96,80,83,81,83,78,77,74,76,76,79,75,74,81,79,77,80,81,77,74,78,90,101,94,88,78,80,79,77,77,59,62,80,63,77,54,79,83,66,66,72,95,59,98,149,121,100,75,84,70,53,47,46,93,126,101,58,34,20,59,45,46,58,63,110,144,176,168,168,158,159,155,149,148,148,140,128,123,122,121,121,121,120,120,120,121,121,121,121,120,119,119,120,121,121,119,119,119,118,118,118,118,118,118,118,118,118,119,120,120,121,121,121,121,121,121,123,125,127,126,129,126,124,133,140,140,138,142,150,147,62,46,62,64,58,55,63,65,91,84,68,61,61,65,62,57,54,53,53,54,54,53,52,52,58,60,49,41,44,44,46,48,48,47,45,45,46,46,45,49,58,64,63,59,56,52,53,51,50,53,53,56,63
147,167,143,114,113,117,113,130,133,131,126,118,110,104,99,97,96,94,80,80,82,81,79,77,72,75,75,77,74,74,81,77,78,76,73,75,80,87,93,96,87,88,83,79,68,59,62,58,55,54,61,52,57,65,73,56,70,89,127,98,127,116,128,129,212,206,61,33,51,37,70,80,71,39,32,18,32,73,55,68,68,64,145,159,162,155,154,159,148,144,142,143,140,131,123,121,121,122,122,121,120,120,121,121,121,121,120,120,120,121,121,122,120,120,120,120,120,120,120,120,119,119,119,119,120,120,121,122,122,123,123,123,124,125,127,128,130,130,127,126,129,129,130,134,138,135,137,141,49,57,46,51,53,65,50,77,55,62,49,53,67,64,60,56,53,52,52,52,51,55,59,64,63,51,41,42,44,46,47,48,48,47,46,45,45,47,53,62,66,63,59,58,53,56,54,52,54,54,54,59
173,146,114,105,120,110,114,140,139,134,125,116,108,102,99,98,99,93,79,76,84,81,80,74,70,74,74,76,73,73,80,76,78,74,73,80,90,95,90,84,79,68,57,59,61,59,59,56,60,51,62,60,63,59,102,48,46,173,127,116,119,122,136,112,200,195,52,45,29,25,55,38,32,25,24,18,20,64,51,60,64,95,157,158,151,154,148,138,141,139,135,134,133,127,120,119,120,120,121,120,119,119,120,121,119,119,120,120,120,120,120,120,120,120,120,120,120,120,120,121,121,121,120,120,121,122,123,124,123,124,125,125,126,126,127,128,128,129,132,135,134,131,132,135,134,140,135,150,138,44,48,53,51,50,48,40,43,38,46,43,56,57,57,56,54,53,53,54,54,57,59,60,59,51,43,43,45,46,47,48,48,47,46,45,49,51,58,65,66,61,60,62,56,58,56,53,54,54,54,57
145,110,112,112,112,101,123,129,135,129,120,112,105,100,97,97,95,87,75,71,85,81,82,73,70,73,74,75,72,73,80,76,71,79,89,95,95,91,86,83,79,70,62,64,66,62,61,63,60,68,55,57,59,58,54,109,96,129,92,86,83,70,65,62,60,46,36,28,26,29,20,24,23,37,29,28,27,34,54,61,71,65,149,149,147,140,139,136,133,133,128,125,125,122,119,121,120,121,121,121,120,119,120,122,119,119,120,120,120,120,120,119,119,119,119,119,119,120,120,120,122,122,122,122,122,123,125,125,124,125,126,126,126,126,126,127,129,131,133,131,129,132,132,127,128,136,136,135,150,79,51,51,50,48,48,47,47,44,44,45,42,47,52,54,54,54,56,58,59,60,56,52,53,50,46,47,41,43,46,47,48,48,50,51,53,55,60,64,62,59,60,66,59,60,57,54,54,54,54,57
117,117,110,109,107,95,121,131,129,120,110,104,100,96,95,95,97,82,74,77,80,82,79,74,68,76,68,70,70,74,84,75,78,77,102,93,92,101,99,94,92,84,79,80,78,71,67,68,69,75,66,70,63,62,69,145,70,37,34,31,38,29,39,33,30,26,32,23,17,16,23,21,40,38,39,40,46,40,52,59,65,78,127,144,140,138,138,130,128,126,124,122,121,120,119,119,118,118,119,119,119,119,119,119,118,118,118,118,119,119,119,119,119,119,119,119,119,120,120,120,120,120,120,121,121,121,122,122,123,124,124,124,124,124,126,127,128,129,130,131,132,131,131,130,132,132,135,137,146,135,52,50,48,49,46,46,46,50,44,44,45,46,48,50,52,54,56,57,58,58,56,54,52,49,47,48,47,47,49,50,51,54,62,70,64,64,59,59,61,55,54,66,64,62,59,55,54,55,56,55
115,114,108,105,101,95,121,127,124,116,108,102,99,96,95,96,96,82,73,76,79,80,77,70,71,70,82,66,69,80,63,81,77,102,106,101,111,111,100,109,102,96,89,84,78,72,72,75,74,68,81,62,85,92,130,117,129,75,47,43,27,24,27,39,40,38,26,20,27,36,28,45,41,43,44,39,43,41,45,63,63,67,92,144,141,134,129,129,124,123,121,119,119,119,118,118,118,118,118,118,118,118,118,118,118,118,118,118,118,119,119,119,119,119,119,119,119,119,120,120,119,120,120,120,121,121,121,121,123,123,123,123,123,123,125,126,127,128,129,130,131,130,130,130,129,133,131,140,145,140,107,49,55,49,53,50,43,45,37,53,46,45,44,44,47,51,54,56,57,61,59,54,51,48,47,50,49,49,49,50,48,48,51,55,55,57,55,55,58,54,53,62,67,63,59,57,56,55,55,55
112,109,105,101,94,95,122,121,115,109,103,98,95,94,93,94,94,79,71,74,78,79,75,68,70,63,77,71,70,69,82,72,105,133,120,116,115,108,97,107,102,100,93,84,76,73,76,79,84,76,98,148,148,152,124,122,110,82,78,82,57,48,36,59,100,115,61,57,47,39,48,43,47,49,48,44,51,51,40,53,61,57,62,126,138,129,127,126,119,118,116,115,115,116,116,116,116,117,117,117,117,117,117,117,117,117,117,117,117,117,117,118,118,118,118,118,119,119,120,120,119,119,120,120,120,121,121,121,123,123,123,123,122,123,124,125,126,127,128,128,129,129,129,129,130,134,131,134,138,135,138,64,47,46,47,36,34,44,51,44,47,45,43,44,48,52,55,56,58,65,60,52,50,47,45,51,49,48,49,51,51,50,49,50,49,53,53,53,57,57,56,59,69,63,58,57,58,56,55,55
109,105,103,99,89,99,122,115,108,104,98,94,92,91,91,91,91,77,70,74,77,78,74,67,67,72,67,67,67,81,68,110,132,129,125,120,99,93,94,96,93,94,91,82,76,76,79,80,71,75,72,89,105,97,135,133,96,86,85,60,47,43,44,86,143,127,51,51,54,67,95,59,48,49,47,50,52,53,46,44,58,56,57,95,128,123,127,119,116,115,113,113,113,114,115,115,116,116,116,116,116,116,117,117,115,115,115,115,116,116,116,116,118,118,118,118,118,119,119,119,119,120,120,120,121,121,121,122,123,123,123,122,122,122,123,124,126,126,126,127,127,128,128,128,125,129,134,127,141,140,145,124,39,48,39,39,45,41,37,45,47,48,49,52,56,58,58,57,60,66,59,49,49,47,45,50,49,47,48,51,54,54,54,55,52,55,55,53,55,58,59,58,67,60,55,56,58,57,56,57
108,104,102,98,89,104,120,111,104,101,97,92,90,89,89,89,88,76,71,74,76,76,72,66,71,68,72,65,68,74,101,135,116,94,112,109,91,87,93,96,92,92,88,81,78,80,83,82,75,72,75,86,80,124,131,122,105,102,83,45,43,39,34,87,100,97,70,44,65,131,125,80,49,51,50,54,49,49,59,47,52,57,61,78,118,119,119,113,115,114,112,112,112,113,113,113,115,115,115,115,115,116,116,116,115,115,115,115,115,116,116,116,118,118,118,118,118,118,119,119,120,120,120,121,121,121,122,122,123,123,123,122,121,122,122,123,125,125,126,126,126,127,127,127,124,127,133,128,137,139,139,157,123,48,53,41,38,40,41,47,48,50,53,57,61,62,61,60,64,63,54,47,49,48,46,48,50,48,47,49,52,54,56,59,57,57,55,52,52,56,57,53,64,57,52,54,56,56,55,55
107,104,100,97,90,108,117,109,101,100,97,92,89,88,88,87,85,75,72,75,75,73,70,66,64,59,71,70,66,91,149,102,85,79,104,98,100,92,86,100,98,95,87,79,76,80,83,84,81,74,67,80,85,79,121,145,126,119,79,44,35,39,41,106,95,143,187,73,135,150,152,70,54,52,57,55,55,52,59,40,49,57,58,79,120,118,108,113,113,112,111,111,111,112,112,111,113,113,113,114,114,115,115,115,115,115,116,116,116,117,117,117,117,117,117,117,117,118,118,119,119,120,120,120,121,121,121,122,121,121,121,121,120,121,122,123,124,124,125,125,125,125,124,124,125,128,126,132,126,130,138,145,158,156,74,37,36,41,47,44,48,50,53,56,59,61,63,64,69,58,49,48,48,49,48,46,50,48,48,49,51,53,59,65,63,59,58,55,52,56,57,51,59,56,52,51,52,54,53,52
108,105,97,94,90,109,112,109,98,98,95,90,87,86,85,84,80,72,72,75,74,72,71,68,67,71,68,68,67,129,104,83,74,94,106,99,101,93,84,99,100,95,86,78,75,77,82,85,81,71,81,78,110,116,114,121,106,101,75,47,35,32,36,72,112,115,132,108,118,80,66,67,63,66,85,60,67,64,61,64,45,52,46,74,130,110,108,111,110,109,109,110,110,111,110,109,111,111,112,112,112,113,113,113,115,115,115,116,116,116,117,117,117,117,117,117,117,118,118,118,118,119,119,119,120,120,120,120,119,119,120,119,119,120,121,122,123,123,124,124,123,122,121,120,121,124,124,130,125,132,143,146,149,159,178,65,47,38,44,39,46,49,52,55,57,60,63,66,72,52,46,51,48,48,50,47,48,49,51,52,51,53,61,69,66,60,61,62,58,59,58,50,54,54,51,48,49,53,54,51
108,105,95,91,90,109,109,109,95,95,93,88,84,84,83,81,74,69,70,75,74,72,72,71,101,75,74,70,91,85,79,77,75,106,107,101,90,91,92,99,98,93,86,80,77,78,82,87,94,112,126,108,80,117,129,110,73,66,62,37,41,33,35,24,34,50,107,42,29,31,31,28,29,46,80,27,30,29,35,79,39,44,36,57,136,99,113,104,107,107,108,109,109,110,109,108,110,110,110,111,111,112,112,112,113,113,114,114,114,115,115,115,117,117,117,117,117,117,118,118,117,118,118,118,119,119,119,120,117,118,118,118,118,119,120,121,122,122,123,123,122,121,119,118,121,122,126,119,121,126,125,144,150,154,152,149,41,42,49,46,44,49,54,57,59,60,64,67,74,49,46,54,48,47,52,48,48,51,54,54,50,50,57,65,65,58,61,65,62,60,58,49,49,52,51,46,47,53,56,52
109,96,94,95,86,108,113,107,99,94,90,87,85,83,82,82,76,72,67,69,80,72,66,90,103,114,113,110,73,83,82,73,69,74,86,87,92,93,79,79,81,83,82,82,74,71,78,77,75,65,86,100,114,136,117,92,96,85,80,46,38,26,41,21,75,63,98,58,46,54,57,78,63,77,84,70,49,47,43,66,76,35,58,105,136,110,112,101,108,102,108,105,102,109,108,104,109,107,109,111,108,109,114,110,109,113,115,113,111,112,114,113,114,114,114,114,115,116,117,117,116,117,117,117,117,117,117,117,117,117,117,116,116,116,117,118,120,120,119,120,120,120,118,117,118,119,119,119,116,117,127,139,146,154,145,160,114,38,57,44,53,51,49,51,54,59,62,63,57,51,47,49,50,48,48,50,50,52,54,53,51,51,52,54,56,57,58,58,58,55,53,51,48,49,49,48,48,51,54,56
105,96,94,94,90,109,111,106,99,95,90,87,85,83,82,82,71,71,70,71,77,70,70,98,107,116,110,101,125,131,117,88,71,65,74,85,97,85,72,72,76,77,76,78,75,74,82,80,69,78,80,90,106,128,84,83,72,80,72,38,29,25,47,38,62,103,116,109,80,105,107,96,104,99,101,105,85,75,83,89,93,37,107,89,117,127,92,109,108,105,106,107,105,100,100,109,100,107,113,102,107,113,114,110,109,111,111,110,111,113,114,112,113,113,113,113,114,115,116,116,117,117,117,118,118,118,117,117,118,118,118,117,117,117,117,118,117,117,117,117,117,116,115,114,114,116,117,114,109,111,121,131,142,143,145,151,138,70,55,51,55,55,54,54,55,57,59,61,55,50,48,49,50,48,48,50,51,53,54,53,50,49,51,52,53,53,53,54,54,53,53,53,50,51,51,48,47,49,51,52
99,95,92,91,94,109,106,103,97,92,88,85,82,79,79,80,73,70,68,69,76,71,72,98,113,117,101,92,148,131,100,74,64,79,100,114,114,87,77,76,73,74,74,78,75,72,76,71,81,64,127,142,128,109,105,88,59,67,50,21,16,18,56,61,99,58,63,71,80,82,71,82,59,58,64,95,112,99,105,107,106,76,97,42,128,134,102,101,98,103,97,99,106,102,100,104,110,107,109,107,114,103,99,107,109,108,107,107,109,112,112,110,111,111,112,112,113,114,114,115,116,116,116,117,117,117,117,117,117,117,117,117,117,116,116,115,116,115,115,115,115,114,113,112,111,116,117,110,102,104,114,124,136,135,141,141,148,105,44,55,56,58,59,58,57,56,58,59,51,49,49,50,50,47,48,51,53,54,55,53,50,48,48,50,48,48,48,48,49,51,52,53,52,53,51,48,46,47,48,48
94,94,90,87,97,108,100,99,95,91,86,83,80,77,77,79,75,71,70,70,72,68,71,96,115,108,86,102,154,117,81,76,84,118,127,122,100,83,84,84,78,77,75,77,75,75,83,81,62,73,90,95,109,122,113,94,79,66,45,21,17,12,58,60,104,62,60,56,83,66,83,79,73,63,92,111,87,64,76,60,74,115,52,30,73,94,95,97,103,103,95,97,100,97,100,99,99,112,124,142,137,140,147,124,107,107,106,106,108,109,108,107,110,110,110,110,111,112,113,113,113,114,114,115,115,115,115,115,115,115,115,115,115,115,114,113,114,113,113,113,113,112,110,109,108,114,115,106,96,97,107,116,126,133,133,137,136,128,48,60,56,57,59,59,58,57,57,58,49,49,51,52,50,48,49,52,54,55,54,52,49,47,46,47,45,45,45,45,46,48,49,50,51,52,50,47,46,47,47,46
92,93,90,85,100,107,98,96,96,92,87,84,80,78,79,81,71,70,73,72,70,66,71,95,118,94,81,118,163,115,86,81,96,126,118,107,83,85,85,81,84,81,75,75,75,84,102,107,130,137,83,79,135,126,91,83,74,55,50,27,20,13,59,49,78,64,68,63,65,76,78,75,61,54,73,85,102,108,106,97,114,125,66,30,26,65,96,98,102,93,94,100,94,90,99,102,113,203,163,122,118,119,109,100,103,103,104,105,106,105,105,106,107,107,107,108,109,109,110,111,111,111,112,113,113,113,113,113,112,112,112,113,114,113,112,111,109,109,109,109,109,108,106,105,104,110,111,102,91,89,98,107,116,128,127,133,130,142,81,63,56,56,56,58,59,58,56,54,48,50,52,53,51,48,49,51,51,51,51,49,46,44,44,44,44,44,45,45,45,46,47,47,48,49,48,47,47,48,48,47
93,92,91,85,102,108,101,96,94,90,86,82,79,77,78,81,73,65,67,71,76,75,75,88,110,84,90,129,158,103,87,69,104,122,114,106,85,86,81,81,82,81,77,77,76,81,97,100,88,137,141,116,130,108,103,83,60,49,57,29,14,15,57,52,57,55,70,51,49,100,75,64,72,57,86,84,64,75,87,78,72,69,81,25,35,47,87,92,88,86,93,90,88,94,91,86,139,167,123,116,117,129,143,126,98,98,99,101,102,101,102,103,103,103,103,103,104,105,106,106,107,108,108,109,110,110,110,110,109,109,109,110,111,111,110,108,106,106,106,106,106,106,105,103,103,107,108,101,89,84,91,101,111,119,123,124,132,141,115,56,56,55,55,56,57,56,53,51,49,51,53,52,50,48,48,49,47,47,47,45,44,43,42,42,45,45,45,46,46,46,45,45,46,47,47,46,48,50,50,48
94,90,91,85,102,109,104,98,91,88,84,80,77,75,77,80,74,66,69,76,81,80,77,85,96,82,96,142,147,97,87,72,110,117,117,97,81,75,76,85,80,79,76,77,73,72,79,76,66,91,99,123,119,113,82,78,68,63,65,41,16,14,39,64,61,54,54,82,82,75,85,89,69,58,59,66,63,67,68,68,92,87,74,47,40,60,82,91,88,87,93,81,83,89,85,112,192,144,103,125,141,124,117,98,97,94,92,94,96,96,96,97,97,97,98,98,99,99,100,101,101,102,103,104,104,105,105,105,106,105,105,106,107,107,106,104,104,104,104,104,105,105,103,102,103,104,105,101,89,80,85,96,105,111,117,116,127,132,130,52,55,55,55,55,54,53,52,51,50,51,52,51,49,48,47,47,44,44,45,44,44,44,44,44,46,46,46,46,46,46,46,46,46,47,47,47,48,50,49,47
94,87,89,84,101,109,107,98,91,88,84,81,78,76,78,82,67,71,86,87,76,68,73,92,98,87,89,153,138,98,78,72,70,81,103,83,85,77,78,79,83,78,71,72,70,71,78,75,74,80,126,134,107,98,89,91,57,53,53,48,23,15,21,74,87,74,61,75,64,77,81,88,90,64,49,72,68,68,76,70,49,64,88,84,26,37,68,79,86,75,83,82,86,78,103,204,157,129,132,124,116,102,130,144,98,92,88,89,91,91,91,91,93,93,94,94,95,96,96,97,96,97,97,98,99,100,100,100,104,102,101,102,103,103,101,99,100,100,100,101,102,102,101,100,101,100,101,98,87,75,78,90,97,108,110,115,118,127,133,60,53,54,55,54,52,52,52,53,50,51,51,50,48,47,46,44,44,44,45,45,46,46,47,47,46,45,45,45,45,46,47,48,48,48,48,47,48,49,48,45
92,89,85,85,101,106,98,100,90,85,83,81,77,77,77,74,68,72,71,69,74,64,78,95,99,96,94,162,133,89,80,72,71,60,89,83,85,75,74,75,82,75,74,72,69,74,77,70,63,73,90,105,108,110,88,58,50,62,57,54,42,19,19,73,84,68,77,63,52,61,59,68,74,75,53,57,60,51,53,51,57,68,71,84,24,38,37,66,76,77,74,93,121,154,168,130,105,136,125,126,138,154,116,91,94,82,85,91,84,83,90,88,89,89,89,90,90,91,91,91,91,92,93,94,94,94,95,95,97,97,97,98,98,99,98,97,96,97,98,99,100,99,97,96,97,97,99,96,82,68,70,82,94,103,107,108,113,122,124,69,52,50,50,51,51,50,50,52,56,49,51,50,47,48,45,45,45,45,44,44,47,50,48,44,46,47,48,48,47,46,47,47,48,47,47,48,48,48,47,46
88,88,85,86,102,104,101,98,90,85,82,79,75,75,77,74,65,69,69,68,73,65,80,97,97,94,106,164,124,86,79,72,104,112,69,80,75,77,74,77,78,71,70,69,67,72,77,73,71,69,139,130,96,93,81,53,52,60,60,61,38,18,24,80,74,81,75,46,41,45,37,51,40,55,56,51,60,53,67,59,52,54,48,61,33,30,34,50,75,129,163,155,115,95,109,102,108,116,131,131,122,88,106,153,127,88,71,79,84,85,86,82,84,84,84,85,86,86,87,87,87,88,89,90,90,90,91,91,93,92,93,94,95,95,95,95,96,96,96,97,98,97,95,94,93,92,93,90,77,64,65,76,85,94,99,102,107,118,124,71,53,50,49,51,52,52,50,50,50,46,50,47,41,44,44,47,44,46,47,46,47,49,50,48,48,49,50,50,49,48,48,49,48,48,48,48,49,49,48,47
85,87,84,87,102,97,103,96,89,83,80,77,73,74,75,72,62,66,67,67,72,66,83,99,96,93,125,166,110,83,78,72,109,128,124,92,63,74,80,78,72,72,76,75,68,67,72,74,71,99,129,104,85,101,78,54,53,50,50,60,32,16,15,53,75,65,59,55,50,47,44,42,50,48,41,44,50,42,52,48,28,35,33,40,43,26,33,36,57,95,89,84,99,91,78,73,64,100,126,108,129,137,134,103,78,72,76,80,76,77,81,77,78,78,79,80,80,81,82,82,81,82,84,84,84,85,85,86,87,87,87,88,89,91,91,90,93,93,93,93,94,93,92,91,90,88,88,86,75,63,63,71,81,91,95,98,102,113,120,70,54,50,48,50,53,52,49,48,51,47,50,45,40,43,44,46,45,48,51,49,48,48,50,51,50,51,52,51,50,49,49,49,49,49,49,49,49,49,49,48
85,85,81,90,102,87,99,94,87,81,78,75,72,72,73,69,61,63,66,66,70,66,86,99,96,93,142,165,98,81,76,71,114,113,133,121,103,67,77,70,82,72,65,66,69,69,68,67,69,116,164,99,120,109,61,58,61,54,58,70,40,31,22,37,83,59,45,53,49,45,53,45,48,54,40,44,36,41,31,17,34,64,80,64,55,24,26,39,49,70,76,73,66,65,71,64,69,60,70,105,122,112,86,70,65,70,75,72,68,74,78,71,74,74,75,76,76,77,78,78,77,78,79,80,80,80,81,82,83,83,83,84,85,86,87,87,89,88,88,89,90,90,89,89,88,86,85,83,75,64,63,68,77,87,92,95,97,107,115,66,51,48,47,49,51,50,48,48,50,46,49,45,43,48,46,43,47,49,51,50,48,48,49,50,50,51,51,51,50,49,48,48,50,50,49,49,50,50,49,49
87,83,79,94,97,77,89,91,85,79,77,75,72,72,71,66,62,63,66,66,68,66,88,100,99,98,155,160,90,80,74,70,119,108,124,126,123,103,59,77,71,66,64,67,67,63,65,72,75,136,157,148,123,85,71,75,59,60,68,71,42,42,38,43,63,72,52,47,51,43,41,37,53,57,47,43,26,21,23,32,46,47,57,51,61,47,22,28,37,61,64,62,66,63,60,65,63,61,59,74,63,65,61,64,73,66,63,67,68,68,70,70,70,70,71,71,72,73,74,74,73,74,75,76,76,77,77,78,80,80,80,80,81,83,83,83,85,85,85,86,87,88,88,87,85,82,81,80,73,65,63,66,69,79,86,90,93,103,111,64,46,46,47,48,48,47,47,49,43,46,55,51,46,51,49,47,47,47,48,49,49,48,49,49,50,50,50,50,50,49,48,47,50,50,49,49,50,50,49,49
86,80,79,97,90,73,80,87,84,78,76,75,72,72,70,64,64,63,66,66,66,66,91,102,103,107,161,152,85,78,72,74,107,128,113,131,124,111,104,83,77,71,63,63,66,72,93,120,143,134,129,97,104,82,78,64,54,52,52,44,31,40,39,38,38,42,36,44,52,51,54,50,55,61,58,27,28,21,44,61,56,38,48,53,54,49,23,43,65,55,61,63,51,59,70,57,57,60,62,61,58,63,66,61,56,60,64,65,64,64,64,65,66,66,66,67,67,68,68,68,69,70,71,72,72,73,74,74,77,76,76,76,78,79,80,80,82,82,83,85,86,87,87,86,83,81,80,78,72,65,62,65,68,77,83,87,91,99,107,60,44,44,46,47,46,44,46,50,44,54,68,60,48,49,49,49,46,45,45,48,50,50,50,50,50,50,49,50,50,50,48,47,50,49,48,48,49,49,49,48
80,77,81,98,82,75,73,82,85,78,75,74,72,71,70,64,64,62,66,65,65,68,96,105,107,117,163,143,82,75,71,81,116,100,105,115,116,110,110,93,86,75,64,67,71,62,57,66,83,132,125,123,108,83,75,59,55,49,43,30,38,45,42,37,58,33,19,18,8,7,17,11,28,66,76,28,50,60,70,54,53,32,40,59,64,72,54,59,62,60,59,57,59,61,57,57,63,57,60,60,64,55,58,60,65,69,64,56,59,66,64,58,63,63,63,63,63,64,64,64,64,65,66,67,68,68,69,70,72,71,71,72,73,75,76,77,78,79,80,82,83,84,83,82,81,79,78,76,70,62,59,61,68,76,80,84,88,96,105,57,45,44,44,45,45,44,46,49,48,58,70,60,47,48,48,47,47,46,46,49,51,50,50,51,49,49,49,49,50,50,48,47,49,49,48,47,48,48,48,48
74,76,83,98,76,78,71,78,86,79,75,73,71,71,70,65,64,61,65,65,65,69,99,108,109,125,163,137,79,71,70,86,97,102,99,82,86,96,90,92,79,76,69,65,62,60,80,115,139,140,112,89,82,69,62,51,52,52,52,39,53,52,49,51,56,63,53,34,28,27,23,24,48,69,76,56,72,57,49,55,56,53,65,78,72,80,71,57,55,56,61,60,58,58,57,61,54,59,59,58,59,60,59,60,57,58,59,62,63,57,56,64,62,62,62,62,62,62,62,62,60,62,63,64,64,65,66,66,68,67,67,68,70,72,74,74,75,75,77,79,80,80,79,78,77,76,75,72,66,58,55,56,62,69,73,79,84,95,105,59,48,45,43,44,45,45,46,48,47,52,60,51,45,51,49,44,50,48,49,51,51,49,49,50,48,47,47,48,49,49,48,46,49,48,47,47,47,48,48,47
78,88,88,97,80,75,73,72,79,78,78,73,69,71,71,63,65,62,62,66,61,73,103,119,110,134,169,118,78,71,68,94,94,99,88,79,74,71,78,81,78,71,69,68,56,67,69,89,115,120,95,73,62,55,57,52,48,51,57,64,71,73,69,66,66,70,57,50,48,48,51,38,54,66,68,62,50,49,55,50,49,54,57,75,55,57,56,55,57,57,57,57,57,58,58,58,57,57,57,57,57,58,58,58,58,58,58,58,58,58,58,58,59,59,60,60,60,60,61,61,61,61,61,61,62,62,63,63,62,62,62,62,63,66,68,70,70,72,74,75,75,75,75,76,77,74,73,71,65,56,53,55,60,64,73,74,80,92,99,55,46,46,46,45,46,48,50,51,55,52,51,51,50,48,47,48,48,48,48,48,48,49,49,49,49,49,49,48,48,48,48,48,48,48,48,48,48,47,47,47
73,78,88,100,89,76,69,70,75,75,76,73,69,71,70,63,62,63,68,69,61,77,104,125,120,147,159,122,69,66,115,90,92,97,86,78,73,70,74,75,73,79,68,57,70,75,105,126,119,106,82,68,64,59,55,49,48,48,50,53,56,57,56,54,58,56,54,49,44,42,38,37,45,64,70,64,52,45,49,47,46,47,44,52,45,64,60,55,56,56,56,56,57,57,57,57,56,56,56,56,57,57,57,57,58,58,58,58,58,58,58,58,58,58,58,58,59,59,59,59,59,60,60,60,61,61,61,62,63,63,62,61,62,63,64,65,66,68,71,73,74,74,74,74,75,72,71,70,64,56,52,54,56,61,68,69,79,86,96,51,44,45,45,46,47,48,49,50,51,49,48,49,49,48,48,49,49,49,49,49,49,49,49,49,49,48,48,48,48,48,49,49,48,48,48,48,48,47,47,47
72,73,93,104,101,78,68,72,71,73,76,75,71,70,68,62,64,63,67,64,58,86,107,133,116,148,167,87,69,103,102,76,91,96,87,78,74,70,72,71,68,72,79,65,62,65,91,99,140,112,89,75,67,63,58,58,54,54,54,53,51,49,47,46,48,30,30,29,35,39,29,34,35,61,68,63,54,45,48,51,56,54,52,53,53,72,58,54,55,55,55,55,55,55,56,56,55,55,55,55,55,56,56,56,57,57,57,57,57,57,57,57,57,57,57,57,58,58,58,58,58,58,58,59,59,60,60,60,62,61,61,60,60,60,60,61,61,64,67,70,71,72,72,72,72,71,70,69,63,56,52,52,52,58,63,65,77,83,88,47,47,47,47,47,47,47,46,46,48,46,46,47,48,47,48,49,50,50,49,49,49,48,48,48,48,48,48,48,48,48,49,49,48,48,48,48,48,47,47,47
74,77,102,104,105,79,70,75,70,72,77,78,73,70,67,61,65,61,64,63,65,100,111,132,122,150,116,93,108,64,67,76,88,95,86,77,72,69,72,72,75,68,73,67,68,63,63,127,136,120,120,109,87,69,52,51,58,60,62,61,57,52,48,45,51,29,17,11,12,14,10,16,38,62,64,59,55,47,48,54,49,45,52,56,57,66,49,56,55,55,55,55,55,55,55,55,54,54,54,55,55,55,55,55,56,56,56,56,56,56,56,56,57,57,57,57,57,57,58,58,57,57,57,58,58,58,58,58,58,58,59,59,59,59,59,59,58,60,63,66,68,69,70,71,70,69,69,68,63,56,51,50,52,54,60,65,74,88,74,46,48,47,47,47,47,47,47,47,49,47,46,47,48,47,46,47,49,49,49,48,48,48,48,48,48,48,48,47,48,48,48,49,48,48,47,47,47,47,47,47
73,84,108,102,104,78,74,75,70,71,76,79,75,71,68,63,63,62,70,71,80,109,112,128,126,148,138,75,71,69,61,71,82,91,83,74,69,68,74,75,70,71,89,69,54,80,104,133,104,104,120,111,85,66,51,50,51,54,58,58,56,52,49,47,58,55,40,30,19,14,25,30,51,67,62,56,56,49,46,47,52,49,57,57,59,67,52,60,54,54,54,54,54,54,54,54,54,54,54,54,54,55,55,55,55,55,55,55,55,55,55,55,56,56,56,56,56,56,56,56,56,56,56,56,57,57,57,57,56,57,57,58,58,58,58,58,57,59,60,62,64,66,68,70,68,68,68,66,62,56,51,49,53,50,58,66,70,91,57,46,47,46,45,46,48,50,51,52,51,48,47,48,48,47,47,48,47,47,47,47,47,47,47,47,48,48,48,47,47,47,47,48,47,47,47,47,47,47,47,47
72,94,109,101,104,79,80,77,72,69,71,75,73,69,68,65,65,65,72,70,84,103,114,131,136,151,129,68,58,67,65,72,81,90,82,73,70,72,80,82,71,78,81,74,81,55,90,119,130,130,129,111,83,63,51,50,46,47,49,49,48,49,50,52,42,49,40,37,31,28,40,39,56,65,58,56,58,52,48,44,42,44,51,48,55,70,59,49,54,54,54,54,54,54,53,53,53,53,53,54,54,54,54,54,54,54,54,54,54,54,54,54,53,53,53,54,54,54,54,54,55,55,55,55,55,56,56,56,56,56,56,57,56,56,56,56,57,58,58,59,60,62,65,67,66,66,66,64,61,56,51,48,52,48,55,66,68,81,43,46,51,49,47,47,48,49,50,50,50,48,47,49,49,48,48,49,47,47,47,47,47,47,47,47,48,48,48,47,47,47,47,47,47,47,47,47,47,47,47,47
79,102,101,97,101,77,85,80,76,68,65,67,66,64,65,64,65,64,67,65,88,98,117,131,137,154,100,64,69,64,60,73,83,90,81,73,75,80,88,87,79,80,83,75,71,61,114,106,117,121,114,104,86,64,54,50,54,52,49,47,48,51,55,58,52,51,44,40,40,41,41,36,56,61,57,57,56,54,54,48,41,42,47,49,57,73,73,57,53,53,53,53,52,52,52,52,52,52,52,52,53,53,53,53,53,53,53,53,53,53,53,53,53,53,53,53,53,53,53,53,53,53,54,54,54,54,54,54,55,55,55,55,55,55,54,54,57,57,57,57,58,59,61,63,62,63,63,62,59,56,51,48,50,51,54,65,69,61,40,47,53,51,49,48,48,48,47,46,49,47,47,48,49,48,48,48,47,47,47,47,47,46,46,46,48,47,47,47,47,47,47,47,47,47,47,47,47,47,47,47
85,105,91,90,94,72,84,80,81,68,61,61,59,59,61,61,61,59,63,68,103,104,120,124,133,152,93,61,62,62,60,75,83,89,79,72,77,84,90,87,75,84,89,77,74,92,124,116,133,134,113,100,82,56,50,51,65,62,56,52,52,55,59,62,60,51,50,39,35,38,34,41,61,63,60,58,53,53,57,52,58,47,42,42,39,45,57,49,52,52,52,52,52,51,51,51,51,51,51,52,52,52,52,52,52,52,52,52,52,52,52,52,53,53,53,53,53,53,53,53,52,52,52,52,53,53,53,53,54,54,53,53,54,54,54,55,56,56,57,57,57,57,58,59,60,61,61,60,58,56,52,49,48,54,53,63,72,44,42,48,49,48,47,48,49,50,49,47,49,47,46,47,47,46,46,47,49,48,48,47,47,46,46,46,47,47,47,47,47,47,48,48,47,47,47,47,47,47,47,48
90,84,78,80,85,89,87,84,81,68,61,61,59,60,61,61,62,64,75,92,102,105,112,121,126,153,74,62,64,66,65,74,82,84,78,80,84,85,92,82,78,91,75,79,89,128,135,145,130,112,106,85,70,51,46,48,59,57,56,55,51,58,67,58,58,53,43,36,38,42,38,31,65,64,57,51,58,54,47,60,38,29,21,25,27,25,40,54,51,53,53,51,50,52,52,51,51,51,51,51,51,51,51,51,52,52,52,52,52,52,52,52,52,52,52,52,52,52,52,52,52,52,52,52,53,53,53,53,53,53,53,54,54,54,54,54,55,55,55,55,56,56,56,56,58,55,62,59,57,60,52,51,50,52,59,62,51,35,36,50,48,49,49,45,57,46,46,55,50,48,48,47,41,50,46,47,45,48,49,40,49,49,50,45,49,48,47,46,47,47,48,47,48,46,47,46,46,50,51,47
92,95,96,93,88,84,83,84,77,67,62,62,61,63,70,73,83,82,86,93,96,98,106,115,137,135,72,69,68,68,66,66,65,75,68,59,72,60,57,71,61,61,68,79,123,119,110,102,110,115,116,90,66,54,55,63,61,53,53,54,49,59,76,76,52,58,53,41,35,34,34,36,70,71,64,60,53,53,57,41,16,18,21,32,28,32,30,38,47,50,52,51,50,51,51,51,51,51,51,51,51,51,51,51,51,51,51,51,51,51,51,51,51,51,52,52,52,52,52,52,51,52,52,52,52,53,53,53,52,52,53,53,53,53,53,53,54,54,55,55,55,55,56,56,57,57,63,58,56,58,52,54,53,58,56,50,46,41,40,44,45,49,50,45,54,48,48,50,47,42,42,48,46,48,40,46,60,58,56,56,49,40,39,51,43,44,43,47,45,47,44,43,45,46,49,50,46,46,49,48
95,93,89,85,82,80,81,82,81,75,72,71,68,70,79,85,90,89,89,90,92,97,106,114,102,85,60,71,66,63,65,60,60,64,56,62,66,81,66,62,79,68,76,126,96,97,91,112,137,120,98,85,81,81,82,102,99,77,70,67,58,65,76,72,67,66,48,31,33,36,35,39,72,96,73,55,55,52,56,45,26,31,38,50,42,50,27,27,41,46,51,51,50,50,50,50,50,50,50,50,50,50,50,50,50,50,50,50,50,50,50,50,51,51,51,51,51,51,51,52,51,51,51,51,52,52,52,52,51,51,51,52,52,52,52,52,53,54,54,54,54,55,55,55,52,56,60,56,56,58,55,60,60,65,56,44,42,42,40,42,43,48,51,46,50,51,51,46,43,44,46,53,48,46,48,74,74,87,80,65,44,49,48,49,48,50,46,49,42,47,45,49,46,45,48,49,47,47,50,49
82,78,72,69,69,71,73,73,76,72,71,71,67,68,74,78,75,76,75,75,77,83,89,91,72,61,66,72,64,61,65,63,67,69,66,73,63,68,70,68,66,68,104,98,93,94,122,104,106,96,83,84,81,78,74,100,109,99,100,81,52,55,77,88,88,79,48,29,39,43,37,40,67,99,80,58,57,50,51,55,48,41,46,54,52,60,30,27,38,44,50,51,50,49,49,49,49,49,49,49,49,49,49,49,49,49,49,49,49,49,49,49,50,50,50,50,50,51,51,51,50,50,50,51,51,51,51,51,51,51,51,51,51,51,51,51,52,53,53,53,53,54,54,54,51,55,56,55,61,64,62,64,65,68,59,47,43,37,37,47,47,49,52,50,50,52,52,46,52,51,42,41,42,57,82,130,88,88,84,81,63,53,45,44,44,46,45,46,43,45,47,49,49,45,45,48,48,49,51,48
68,70,72,70,66,64,65,66,70,68,70,71,68,68,71,70,74,72,68,64,65,67,66,63,62,59,66,59,60,65,64,66,57,68,64,66,77,55,63,66,75,103,98,84,82,94,83,76,78,89,89,86,79,79,70,85,118,100,90,65,47,61,74,75,90,85,60,40,40,34,29,39,65,72,80,73,59,52,50,49,47,33,39,42,46,49,30,32,38,45,51,51,49,48,48,48,49,49,49,49,49,49,49,49,49,49,49,49,49,49,49,49,49,49,49,50,50,50,50,50,49,49,50,50,50,50,51,51,50,50,50,50,51,51,51,51,51,51,52,52,52,52,53,53,54,55,53,56,63,66,65,61,63,65,58,48,45,42,43,48,52,50,50,52,49,50,49,47,47,50,47,52,60,73,80,107,90,83,89,91,90,77,65,49,48,44,46,49,60,59,57,50,51,51,53,53,49,49,49,46
73,72,71,71,72,72,70,69,76,73,76,77,73,71,70,65,77,73,67,62,61,62,61,59,64,65,64,54,64,70,61,63,67,56,59,113,105,85,75,82,85,89,87,84,88,78,79,94,90,85,77,74,76,77,68,74,72,72,78,62,56,75,86,93,94,87,65,48,41,32,33,50,71,66,71,71,68,61,50,51,51,42,48,47,47,40,30,35,41,46,50,50,49,48,48,48,49,49,49,49,49,49,49,49,49,49,49,49,49,49,49,49,48,49,49,49,49,49,49,49,48,49,49,49,49,50,50,50,50,50,50,50,50,50,50,50,50,50,51,51,51,51,52,52,54,53,52,57,59,62,66,57,61,63,58,48,48,57,58,48,52,51,46,50,48,50,46,48,49,51,48,50,52,61,61,77,80,78,86,82,94,102,102,79,75,64,55,60,73,77,69,57,54,63,71,66,54,51,53,51
79,74,69,70,74,77,74,70,73,72,73,73,67,65,63,58,67,64,60,58,58,59,61,64,58,60,58,53,53,57,60,82,121,143,147,134,91,164,166,130,92,86,94,85,89,87,95,80,89,80,83,82,82,74,70,77,73,68,71,62,70,83,73,71,91,75,57,48,45,40,50,70,75,75,66,66,73,68,59,55,59,58,58,60,53,46,34,31,44,47,49,48,47,48,48,48,48,48,48,48,48,48,48,48,48,48,48,48,48,48,48,48,48,48,48,48,48,48,49,49,48,48,48,48,49,49,49,49,48,48,49,49,49,49,49,49,50,50,50,50,50,51,51,51,52,52,57,64,57,61,75,66,72,68,67,60,55,66,71,59,51,58,51,54,56,64,58,61,46,51,61,68,63,63,53,59,67,54,61,75,80,86,98,100,92,87,71,80,76,85,71,66,65,76,82,74,64,67,71,67
70,73,76,75,72,68,65,63,67,67,69,68,63,62,63,60,65,63,62,61,59,58,62,68,60,65,70,74,65,76,113,167,191,176,154,73,69,167,200,185,120,118,110,93,91,83,85,88,80,78,83,71,74,78,80,74,75,72,73,59,58,62,51,62,58,45,38,40,36,32,47,72,72,71,69,77,68,68,77,46,49,55,47,58,51,53,35,23,46,47,48,46,46,48,49,48,47,47,47,47,47,47,47,47,47,47,47,47,47,47,47,47,48,48,48,48,48,48,48,48,48,48,48,48,48,49,49,49,48,48,48,48,48,48,48,48,49,49,49,50,50,50,50,51,53,55,66,74,62,67,91,85,87,76,78,76,62,64,75,73,54,68,62,63,70,83,77,79,86,78,79,85,76,69,51,46,46,54,64,72,62,77,86,84,90,102,93,111,87,97,75,78,78,84,83,75,73,86,92,84
79,75,73,69,63,68,74,69,69,67,67,70,73,74,75,77,73,72,77,79,74,75,78,71,72,98,163,159,138,156,164,141,123,144,72,86,80,79,129,152,179,194,172,119,87,84,85,84,84,82,81,79,78,77,76,75,75,75,74,60,50,49,47,51,53,39,40,40,36,42,40,71,73,71,71,74,69,71,58,56,56,52,47,37,37,38,32,35,46,46,47,47,47,47,46,46,47,46,45,45,45,46,46,46,46,46,46,46,46,46,46,46,46,46,47,47,48,48,48,48,48,47,47,47,48,48,48,48,48,48,48,48,48,48,48,48,48,49,49,49,49,50,52,53,54,63,83,83,97,84,100,97,96,83,71,85,86,94,82,93,79,86,91,90,95,91,97,92,101,104,94,98,97,98,73,77,56,60,55,57,59,75,80,83,91,104,104,113,110,107,103,104,95,102,101,97,98,99,97,97
